Adjective,Noun,Frequency
linear,combination,138
linear,map,90
null,space,81
linear,system,68
scalar,multiplication,64
square,matrix,62
standard,basis,53
homogeneous,system,48
real,number,43
characteristic,polynomial,39
diagonal,matrix,38
free,variable,37
dimensional,space,37
canonical,form,37
direct,sum,36
independent,set,36
linear,transformation,35
minimal,polynomial,34
unique,solution,33
next,year,32
orthogonal,projection,29
prior,example,27
many,solution,27
n×n,matrix,27
projective,plane,27
determinant,function,26
second,row,25
external,demand,25
right,side,24
inductive,step,22
similar,matrix,22
particular,solution,21
projective,point,21
same,number,20
prior,item,20
dimensional,formula,20
same,way,19
nilpotent,matrix,19
complex,number,18
nonsingular,matrix,18
linear,relationship,18
elementary,matrix,18
magic,square,18
special,case,17
second,component,15
empty,set,15
linear,surface,15
next,result,15
trivial,subspace,15
equivalent,matrix,15
characteristic,equation,15
prior,subsection,14
prior,section,14
independent,subset,14
homogeneous,vector,14
natural,number,13
ﬁrst,component,13
ﬁrst,column,13
left,hand,13
right,hand,13
usual,operation,13
left,inverse,13
gaussian,reduction,12
next,subsection,12
many,vector,12
tall,vector,12
inductive,hypothesis,12
entire,space,12
linear,independence,12
inverse,image,12
right,inverse,12
orthogonal,basis,12
initial,condition,12
ﬁrst,chapter,11
bottom,equation,11
left,side,11
other,way,11
scalar,multiple,11
trivial,space,11
symmetric,matrix,11
sided,inverse,11
projective,geometry,11
projective,line,11
generalized,space,11
linear,equation,10
third,row,10
second,equation,10
ﬁrst,equation,10
additive,inverse,10
real,variable,10
quadratic,polynomial,10
single,point,10
upper,triangular,10
odd,number,10
antipodal,spot,10
subdiagonal,one,10
linear,function,9
ﬁrst,row,9
general,solution,9
other,row,9
canonical,representative,9
sized,matrix,9
nontrivial,space,9
cubic,polynomial,9
such,p(7,9
partial,identity,9
homogeneous,coordinate,9
central,projection,9
euclidean,geometry,8
absolute,value,8
other,matrix,8
complete,set,8
polynomial,p(x,8
orthonormal,basis,8
good,ﬁt,8
determinant,formula,8
euclidean,plane,8
next,example,7
unrestricted,combination,7
other,vector,7
prior,paragraph,7
high,dimension,7
necessary,condition,7
good,way,7
rational,number,7
same,span,7
natural,basis,7
same,rank,7
original,matrix,7
same,dimension,7
linear,algebra,7
vertical,line,7
ﬁrst,matrix,7
elementary,reduction,7
diagonal,entry,7
distinct,eigenvalue,7
vertical,motion,7
other,hand,6
true,statement,6
low,row,6
contradictory,equation,6
many,member,6
many,element,6
same,thing,6
next,section,6
same,variable,6
canonical,position,6
square,root,6
reduced,form,6
many,class,6
upper,left,6
upper,right,6
real,entry,6
real,coeﬃcient,6
natural,operation,6
dependent,set,6
prior,exercise,6
full,rank,6
codomain,domain,6
derivative,map,6
codomain,basis,6
upper,matrix,6
second,sentence,6
orthogonal,vector,6
orthogonal,complement,6
same,result,6
geometric,eﬀect,6
magic,number,6
n×n,function,6
normal,mode,6
second,edition,6
ﬁrst,example,5
other,case,5
back,substitution,5
scalar,product,5
mathematical,induction,5
same,line,5
straight,line,5
ﬁrst,vector,5
only,entry,5
possible,form,5
prior,result,5
total,output,5
total,production,5
usual,addition,5
inherited,operation,5
proper,subspace,5
constant,term,5
small,number,5
wide,vector,5
same,space,5
other,half,5
linear,dependence,5
other,basis,5
such,matrix,5
invertible,matrix,5
ﬁrst,sentence,5
left,multiplication,5
same,polynomial,5
middle,class,5
even,number,5
gray,line,5
non-⃗0,vector,5
same,eigenvalue,5
algebraic,multiplicity,5
nilpotent,transformation,5
single,eigenvalue,5
small,disk,5
rotational,motion,5
new,row,4
same,set,4
more,equation,4
ﬁrst,number,4
proper,subset,4
low,case,4
third,component,4
prior,part,4
next,one,4
same,direction,4
dimensional,surface,4
second,column,4
large,system,4
many,way,4
above,example,4
double,precision,4
partial,pivoting,4
parallel,portion,4
equivalent,resistance,4
many,space,4
other,space,4
prior,one,4
diﬀerential,equation,4
second,item,4
linear,polynomial,4
same,sign,4
third,condition,4
degenerate,line,4
same,subspace,4
nontrivial,relationship,4
other,element,4
dependent,superset,4
+,c3,4
ﬁrst,item,4
ﬁrst,half,4
internal,sum,4
antisymmetric,matrix,4
second,one,4
mock,election,4
cyclic,preference,4
total,number,4
l1m0,−2,4
dimensional,analysis,4
relevant,quantity,4
external,sum,4
second,map,4
main,diagonal,4
left,matrix,4
third,column,4
many,people,4
same,determinant,4
n×n,determinant,4
equal,row,4
above,matrix,4
single,entry,4
random,number,4
diagonal,form,4
polynomial,factor,4
geometric,multiplicity,4
nilpotent,map,4
invariant,subspace,4
initial,population,4
random,surfer,4
next,month,4
homogeneous,relation,4
linear,recurrence,4
ﬁrst,value,4
few,value,4
pure,motion,4
private,communication,4
isomorphic,space,3
many,example,3
further,reading,3
stable,population,3
high,school,3
other,time,3
linear,elimination,3
inconsistent,system,3
ﬁrst,system,3
other,equation,3
same,solution,3
positive,integer,3
top,line,3
second,line,3
inﬁnite,solution,3
particular,⃗p,3
homogeneous,equation,3
original,system,3
next,row,3
second,point,3
low,equation,3
ﬁrst,way,3
single,vector,3
same,operation,3
same,side,3
same,row,3
ﬁrst,section,3
free,vector,3
same,change,3
inner,product,3
second,vector,3
algebraic,property,3
simple,condition,3
single,element,3
many,operation,3
same,class,3
same,entry,3
other,part,3
small,change,3
signiﬁcant,digit,3
good,entry,3
electrical,network,3
ﬁrst,fact,3
second,fact,3
ﬁnal,section,3
usual,meaning,3
primary,object,3
only,way,3
empty,subset,3
whole,space,3
other,kind,3
ﬁrst,subsection,3
second,sense,3
other,direction,3
trivial,sum,3
independent,superset,3
same,vector,3
trivial,intersection,3
many,basis,3
key,point,3
dimensional,subspace,3
alternative,proof,3
ﬁrst,point,3
only,vector,3
m×n,matrix,3
complementary,subspace,3
other,structure,3
algebraic,structure,3
ﬁrst,part,3
second,part,3
cyclic,part,3
same,formula,3
classic,example,3
above,equation,3
ﬁrst,map,3
real,space,3
many,map,3
w2,vector,3
w2,w1,3
second,derivative,3
general,vector,3
general,formula,3
appropriate,basis,3
unique,function,3
appropriate,dimension,3
codomain,space,3
nonsingular,map,3
low,right,3
same,domain,3
prior,question,3
minimal,m(x,3
polynomial,m(x,3
simple,matrix,3
right,multiplication,3
same,basis,3
same,map,3
block,form,3
partial,matrix,3
general,case,3
new,basis,3
orthonormal,set,3
optional,subsection,3
dotted,line,3
least,square,3
same,factor,3
normal,square,3
initial,distribution,3
rigid,motion,3
equivalent,statement,3
orthonormal,matrix,3
same,cycle,3
large,matrix,3
third,picture,3
great,circle,3
analytic,geometry,3
distinct,line,3
ideal,line,3
same,point,3
constant,polynomial,3
complex,scalar,3
only,matrix,3
only,eigenvalue,3
small,degree,3
polynomial,c(x,3
linear,factor,3
other,page,3
important,page,3
middle,needle,3
many,prime,3
mutual,inclusion,3
binary,relation,3
positive,real,2
greek,letter,2
developmental,approach,2
mathematical,investigation,2
elementary,set,2
linear,reduction,2
correct,solution,2
second,chapter,2
interesting,aspect,2
independent,student,2
gaussian,elimination,2
top,equation,2
fourth,chapter,2
gaussian,operation,2
other,thing,2
third,case,2
other,method,2
third,equation,2
new,system,2
good,heaven,2
ﬁrst,coordinate,2
upper,case,2
roman,letter,2
solid,grounding,2
empty,solution,2
ﬁrst,page,2
nonnegative,multiple,2
basic,idea,2
next,lemma,2
above,set,2
other,possibility,2
non-⃗0,solution,2
other,dimension,2
unique,intersection,2
dimensional,geometry,2
same,word,2
equal,length,2
natural,position,2
standard,position,2
displacement,relative,2
far,corner,2
wise,addition,2
entire,body,2
degenerate,plane,2
geometric,term,2
natural,generalization,2
dimensional,plane,2
nonnegative,number,2
large,number,2
negative,number,2
right,angle,2
perpendicular,vector,2
small,angle,2
ﬁrst,result,2
third,stage,2
prior,lemma,2
next,chapter,2
next,matrix,2
following,result,2
unique,form,2
other,class,2
same,column,2
singular,matrix,2
second,subsection,2
complicated,network,2
mathematical,model,2
many,part,2
last,year,2
total,drop,2
same,rate,2
a[row_below,row,2
separate,case,2
ninth,place,2
signiﬁcant,place,2
single,precision,2
decimal,place,2
simple,network,2
right,branch,2
left,branch,2
single,resistor,2
hourly,ﬂow,2
other,road,2
such,set,2
other,type,2
polynomial,operation,2
familiar,operation,2
same,sum,2
polynomial,addition,2
inﬁnite,tuple,2
real,multiplication,2
such,combination,2
natural,addition,2
set,r+,2
complex,coeﬃcient,2
large,space,2
nonempty,subset,2
square,bracket,2
right,setting,2
magic,carpet,2
such,location,2
odd,function,2
such,subspace,2
many,subspace,2
prior,sum,2
minimal,set,2
other,member,2
constant,function,2
big,set,2
same,property,2
only,solution,2
alternate,proof,2
minimal,spanning,2
same,element,2
standard,vector,2
above,work,2
same,order,2
unique,way,2
common,notation,2
same,relationship,2
large,degree,2
such,space,2
non,coeﬃcient,2
minimal,size,2
only,subspace,2
many,step,2
main,result,2
x2,−x,2
such,basis,2
other,containment,2
maximal,set,2
equal,space,2
full,column,2
above,deﬁnition,2
unique,decomposition,2
unique,show,2
axis,axis,2
odd,polynomial,2
big,one,2
convenient,basis,2
same,length,2
middle,picture,2
acyclic,part,2
opposite,list,2
opposite,order,2
total,cycle,2
same,spin,2
old,saying,2
physical,quantity,2
other,system,2
dimensional,constant,2
particular,system,2
physical,dimension,2
other,side,2
complete,relationship,2
such,product,2
ﬁrst,year,2
ﬁnal,example,2
characteristic,frequency,2
complete,equation,2
interesting,case,2
right,deﬁnition,2
natural,correspondence,2
more,isomorphism,2
more,thing,2
associated,output,2
same,coordinate,2
codomain,element,2
convenient,scheme,2
appropriate,domain,2
same,coeﬃcient,2
codomain,r2,2
diagonal,line,2
dimensional,range,2
entire,domain,2
second,condition,2
nontrivial,intersection,2
⃗n,∈n,2
dual,space,2
second,way,2
dimensional,domain,2
derivative,transformation,2
codomain,dimension,2
ﬁrst,member,2
second,member,2
such,g.,2
underlying,map,2
multiplicative,product,2
alternative,way,2
ﬁrst,one,2
third,equality,2
such,m(t,2
right,matrix,2
entire,matrix,2
low,triangular,2
same,answer,2
same,size,2
linear,model,2
non,matrix,2
prior,problem,2
many,inverse,2
quadratic,equation,2
same,transformation,2
close,line,2
ﬁrst,term,2
second,term,2
intuitive,appeal,2
other,operation,2
more,half,2
actual,date,2
fit,find_fit(data,2
good,line,2
geometric,action,2
nonlinear,map,2
next,picture,2
same,amount,2
same,base,2
same,area,2
geometric,understanding,2
n×n,square,2
low,left,2
next,block,2
same,value,2
semimagic,square,2
nonnegative,real,2
direct,inﬂuence,2
next,generation,2
large,ﬁrm,2
initial,vector,2
unique,point,2
orthogonal,matrix,2
second,matrix,2
ﬁrst,quadrant,2
main,way,2
top,row,2
identical,row,2
third,sentence,2
determinant,nonzero,2
important,point,2
multiple,way,2
second,step,2
determinant,value,2
key,idea,2
determinant,condition,2
n×n,case,2
same,matrix,2
positive,coordinate,2
small,one,2
many,zero,2
new,formula,2
small,integer,2
ﬁrst,picture,2
factorial,function,2
proportional,growth,2
random,matrix,2
average,time,2
representative,member,2
equatorial,point,2
sphere,model,2
euclidean,space,2
projective,space,2
extra,point,2
ideal,point,2
euclidean,line,2
large,radius,2
euclidean,picture,2
northern,hemisphere,2
non,part,2
simple,thing,2
non,polynomial,2
low,degree,2
such,number,2
high,degree,2
second,degree,2
quadratic,formula,2
irreducible,polynomial,2
horizontal,axis,2
partial,form,2
diagonalizable,matrix,2
such,t(⃗β1,2
only,transformation,2
scalar,eigenvalue,2
double,root,2
associated,eigenvector,2
characteristic,root,2
superscript,notation,2
second,power,2
third,power,2
third,derivative,2
high,power,2
such,vector,2
fourth,power,2
associated,basis,2
other,choice,2
minimal,factor,2
characteristic,c(x,2
ﬁrst,line,2
additional,root,2
only,root,2
second,eigenvalue,2
tridiagonal,form,2
large,eigenvalue,2
many,page,2
high,page,2
ranked,page,2
elementary,model,2
intermediate,value,2
far,needle,2
big,disk,2
few,output,2
simple,motion,2
harmonic,motion,2
angular,frequency,2
−a2ω2,cos(ωt,2
normal,frequency,2
mathematical,statement,2
initial,number,2
additional,property,2
same,remainder,2
same,part,2
third,edition,2
open,interval,1
roman,capital,1
standard,undergraduate,1
ﬁrst,course,1
mathematical,maturity,1
many,investigation,1
independent,reading,1
separate,course,1
ideal,spot,1
sophisticated,reader,1
abrupt,change,1
abrupt,stop,1
third,week,1
routine,check,1
good,number,1
medium,diﬃcult,1
high,end,1
various,journal,1
original,wording,1
same,type,1
few,exercise,1
small,group,1
late,version,1
additional,material,1
hard,copy,1
standard,source,1
little,cost,1
complex,project,1
current,information,1
open,resource,1
educational,resource,1
good,student,1
useful,advice,1
experienced,instructor,1
sensible,rate,1
extra,thing,1
few,subsection,1
more,time,1
above,course,1
main,advice,1
many,exercise,1
good,sample,1
few,people,1
correct,proof,1
knowledgeable,person,1
entire,point,1
well,tactic,1
exciting,principle,1
actual,trial,1
good,exercise,1
creative,act,1
hard,work,1
unknown,masse,1
second,example,1
present,number,1
ﬁrst,power,1
such,system,1
ﬁrst,transformation,1
second,transformation,1
third,transformation,1
middle,equation,1
extraneous,solution,1
a1\,nxn,d1,1
scalar,rescaling,1
same,ρi,1
typical,case,1
entire,row,1
second,system,1
ﬁrst,variable,1
combina-,row,1
ﬁrst,combination,1
suitable,row,1
more,variable,1
last,example,1
prior,system,1
constant,side,1
arithmetic,operation,1
wrong,conclusion,1
extra,step,1
more,unknown,1
−y,4x,1
gaussian,step,1
same,equation,1
geometrical,reasoning,1
total,value,1
many,coin,1
arithmetic,average,1
fourth,integer,1
original,integer,1
simple,example,1
possible,order,1
ﬁrst,choice,1
curious,property,1
streamlined,notation,1
rectangular,array,1
above,array,1
clerical,load,1
vertical,bar,1
geometric,interpretation,1
single,column,1
single,row,1
right,answer,1
other,question,1
free,way,1
third,section,1
reasonable,solution,1
large,revenue,1
common,section,1
conic,section,1
cxy,by2,1
red,color,1
blue,one,1
green,one,1
third,color,1
same,color,1
above,question,1
standard,condition,1
respective,weight,1
stricted,combination,1
associated,system,1
great,advantage,1
nonhomogeneous,system,1
⃗β2,⃗β1,1
important,technique,1
obvious,technique,1
prior,case,1
present,case,1
most,equation,1
technical,point,1
trivial,total,1
−1)-th,equation,1
free,one,1
next,equation,1
base,step,1
set,inclusion,1
single,solution,1
ﬁnal,equation,1
notable,case,1
general,expectation,1
standard,term,1
same,combination,1
more,intuition,1
only,coeﬃcient,1
rational,coeﬃcient,1
rational,solution,1
later,work,1
empty,singleton,1
short,way,1
visual,insight,1
dimensional,case,1
equal,direction,1
diﬀerent,place,1
same,distance,1
opposite,direction,1
long,arrow,1
same,minute,1
above,drawing,1
obvious,generalization,1
same,representation,1
whole,body,1
negative,value,1
single,equation,1
dimensional,hyperplane,1
canonical,name,1
own,term,1
past,experience,1
familiar,result,1
u2,square,1
middle,term,1
real,vector,1
unun,|⃗u,1
planar,subset,1
familiar,saying,1
short,distance,1
square,hold,1
short,cut,1
next,deﬁnition,1
weak,sense,1
nautical,mile,1
suitable,argument,1
negative,multiple,1
less,value,1
similar,system,1
maximum,harmony,1
other,person,1
bad,case,1
such,people,1
ﬁnal,term,1
legal,row,1
second,stage,1
other,entry,1
ﬁrst,move,1
middle,stage,1
multiple,one,1
single,step,1
good,form,1
associated,matrix,1
same,multiple,1
distinct,class,1
more,information,1
interrelated,matrix,1
distinct,version,1
least,sen-,1
same,letter,1
same,product,1
low,product,1
right,product,1
crucial,concern,1
suitable,sequence,1
interreducible,matrix,1
few,operation,1
scalar,cρi,1
basic,version,1
independent,way,1
non-⃗0,row,1
such,row,1
inductive,c1,1
nxn,cm\,1x1,1
only,variable,1
many,matrix,1
canonical,equivalence,1
mathematical,situation,1
several,time,1
nonsingular,case,1
unique,matrix,1
operational,term,1
equivalent,∈r,1
ﬁnal,matrix,1
third,driver,1
equivalent,system,1
special,program,1
general,purpose,1
same,system,1
general,system,1
complicated,object,1
key,tool,1
external,user,1
technical,change,1
own,output,1
external,value,1
complete,description,1
less,steel,1
n(6476293881123/213660938,sage,1
current,year,1
internal,demand,1
external,steel,1
large,model,1
more,sector,1
single,model,1
particular,prediction,1
useful,tool,1
economic,analysis,1
new,process,1
new,car,1
total,business,1
local,facility,1
military,facility,1
overall,income,1
personal,income,1
ﬁrst,guess,1
for(row_below,row+1,1
initial-,loop,1
obvious,construct,1
innermost,loop,1
ﬁrst,take,1
singular,system,1
extra,digit,1
more,trouble,1
large,change,1
equal,line,1
memorable,insight,1
numerical,diﬃcultie,1
arbitrary,system,1
arithmetic,point,1
similar,one,1
actual,answer,1
unreliable,output,1
experienced,programmer,1
large,size,1
many,problem,1
seventeenth,digit,1
numerical,trouble,1
basic,improvement,1
naive,code,1
reliable,result,1
troublesome,system,1
good,result,1
large,entry,1
multipli,row,1
full,analysis,1
most,expert,1
intersect,problem,1
unchanged,system,1
small,real,1
2εy,−εz,1
exact,cancellation,1
sharp,angle,1
hi,beam,1
electrical,fact,1
such,component,1
electrical,current,1
potential,diﬀerence,1
electrical,circuit,1
other,component,1
total,rise,1
prior,network,1
actual,direction,1
current,ﬂow,1
redundant,equation,1
electrical,property,1
next,diagram,1
top,node,1
right,node,1
inside,loop,1
outside,loop,1
upper,loop,1
many,kind,1
parallel,case,1
ﬁrst,network,1
similar,thing,1
parallel,circuit,1
second,circuit,1
electric,current,1
unknown,resistance,1
adapted,law,1
various,way,1
fair,understanding,1
general,study,1
sized,vector,1
closed,system,1
single,space,1
many,case,1
general,statement,1
ﬁrst,notice,1
⃗w,∈v,1
such,⃗v,1
additive,∈v,1
scalar,addition,1
ordinary,multiplication,1
ordinary,one,1
y1,restriction,1
fourth,condition,1
prior,condition,1
tenth,condition,1
whole,plane,1
similar,way,1
tall,column,1
integer,entry,1
set,m2×2,1
natural,entry,1
inﬁnite,sequence,1
individual,polynomial,1
rb,sin,1
natural,interpretation,1
typical,equation,1
other,condition,1
scalar,vector,1
full,circle,1
right,balance,1
natural,property,1
such,⃗w,1
subject,combination,1
right,context,1
whole,chapter,1
much,use,1
wide,variety,1
nomial,addition,1
great,real,1
subject,entry,1
such,f(7,1
nonempty,solution,1
same,deﬁnition,1
scalar,time,1
opposite,extreme,1
additive,identity,1
ﬁfth,condition,1
great,number,1
−b,−c,1
trivial,combination,1
small,subspace,1
real,component,1
appropriate,c1,1
other,set,1
minimal,number,1
such,collection,1
great,variety,1
evil,villain,1
hoverboard,unit,1
magic,unit,1
suitable,combination,1
set,p4,1
even,function,1
non,system,1
other,subspace,1
set,−a,1
equal,complement,1
many,set,1
ﬁrst,sense,1
global,requirement,1
least,number,1
various,element,1
technical,convenience,1
important,result,1
unknown,mass,1
−50,cm,1
second,balance,1
mutual,containment,1
set,⃗v,1
linear,deﬁnition,1
only,c1⃗s1,1
only,relationship,1
trivial,relationship,1
nontrivial,c1⃗s1,1
such,relationship,1
clear,statement,1
subtle,point,1
familiar,kind,1
right,kind,1
standard,terminology,1
own,pitfall,1
further,comment,1
nontrivial,dependence,1
other,independent,1
additional,member,1
ﬁfth,vector,1
third,vector,1
possible,case,1
fourth,case,1
natural,space,1
dependent,subset,1
independent,r3,1
strong,sense,1
minimum,number,1
other,surface,1
degenerate,case,1
most,number,1
familiar,relation,1
trivial,c1,1
independent,iﬀaei,1
sixteen,entry,1
inﬁnite,series,1
geometric,series,1
generic,basis,1
empty,⟨⟩.,1
natural,candidate,1
same,summand,1
same,⃗β,1
familiar,case,1
equivalent,recast,1
main,use,1
crucial,property,1
⃗β1,basis,1
previous,subsection,1
particular,leap,1
single,basis,1
main,theorem,1
technical,result,1
prior,form,1
−k,member,1
independent,⃗δk+1,1
previous,basis,1
familiar,use,1
great,size,1
corollary,prof,1
whole,number,1
prior,show,1
corollary,show,1
immediate,consequence,1
few,number,1
similar,diagram,1
r5,∩w,1
natural,extension,1
bu,basis,1
new,sequence,1
same,book,1
above,description,1
above,terminology,1
set,containment,1
previous,paragraph,1
independent,column,1
same,precise,1
conceptual,understanding,1
surprising,result,1
unrelated,column,1
ﬁfth,column,1
ﬁrst,theorem,1
unchanged,set,1
reduced,echelon,1
ﬁnal,point,1
many,variable,1
last,⇒(5,1
left,form,1
−m,parameter,1
independent,equation,1
−r,parameter,1
natural,vector,1
transpose,operation,1
unequal,number,1
most,m.,1
last,section,1
occasional,exercise,1
conventional,practice,1
interesting,property,1
benchmark,model,1
familiar,decomposition,1
second,plane,1
such,expression,1
unique,reﬂect,1
large,sequence,1
xz,plane,1
single,sequence,1
⃗uj,∈wj,1
equal,term,1
⊕y,axis,1
own,mention,1
same,argument,1
natural,question,1
simple,sum,1
even,polynomial,1
natural,set,1
possible,value,1
strong,statement,1
natural,list,1
such,∈f,1
ﬁnal,condition,1
arbitrary,ﬁeld,1
additional,development,1
general,setting,1
additional,abstraction,1
suitable,operation,1
little,cube,1
neat,row,1
outer,layer,1
small,sphere,1
right,top,1
many,repetition,1
regular,structure,1
internal,structure,1
front,face,1
many,time,1
square,cell,1
square,length,1
everyday,experience,1
single,plane,1
convenient,unit,1
hexagonal,ring,1
good,basis,1
familiar,crystal,1
new,carbon,1
many,region,1
fundamental,region,1
many,shape,1
hexagonal,shape,1
second,basis,1
cubic,lattice,1
single,cell,1
cubic,centimeter,1
dimensional,basis,1
american,process,1
presidential,process,1
practical,politic,1
overall,winner,1
other,candidate,1
large,election,1
overall,cycle,1
single,voter,1
above,cycle,1
negative,sign,1
circular,group,1
graphical,cycle,1
counterclockwise,order,1
optional,section,1
rational,list,1
opposite,preference,1
ﬁrst,voter,1
positive,spin,1
second,voter,1
opposite,voter,1
alternate,way,1
many,list,1
opposite,pair,1
current,research,1
many,result,1
intriguing,result,1
reasonable,deﬁnition,1
readable,text,1
long,list,1
recent,research,1
reasonable,way,1
cyclic,order,1
entire,group,1
left,row,1
more,voter,1
wrong,spin,1
great,voter,1
many,voter,1
negative,exponent,1
other,term,1
entire,term,1
experienced,investigator,1
only,formula,1
remarkable,result,1
easy,way,1
homogeneous,expression,1
such,term,1
above,equality,1
arbitrary,function,1
other,quantity,1
associated,product,1
other,mean,1
fair,amount,1
mutual,attraction,1
gravitational,attraction,1
p4,∈r,1
important,application,1
prior,formula,1
mutual,rotation,1
same,acceleration,1
mean,radius,1
ﬁrst,application,1
explicit,application,1
deep,water,1
classic,reference,1
brief,book,1
horizontal,position,1
vertical,position,1
initial,speed,1
appropriate,variable,1
dimensionless,product,1
infrared,frequency,1
same,force,1
elastic,behavior,1
important,role,1
early,study,1
familiar,equation,1
diﬀerent,formula,1
useful,strategy,1
dimensional,homogeneity,1
common,phase,1
new,insight,1
pleasant,one,1
new,idea,1
double,arrow,1
corresponding,vector,1
corresponding,total,1
corresponding,way,1
equal,component,1
b2,sin,1
∼=,r2,1
equal,polynomial,1
equal,coeﬃcient,1
third,type,1
most,one,1
horizontal,homogeneity,1
relevant,respect,1
second,half,1
prior,chapter,1
right,way,1
natural,map,1
unique,member,1
polar,coordinate,1
other,p2,1
associated,vector,1
new,space,1
such,u⊕w,1
unequal,space,1
inverse,function,1
double,statement,1
well,deﬁned∗since,1
such,representation,1
u1,v1,1
original,argument,1
other,advantage,1
above,proof,1
many,idea,1
small,space,1
⃗β1,associate,1
prior,map,1
single,class,1
new,structure,1
isomorphic,r3,1
other,representative,1
inverse,map,1
f(⃗βn)⟩is,basis,1
single,combination,1
such,correspondence,1
weak,result,1
same,eﬀect,1
same,action,1
same,function,1
direct,consequence,1
linear,operator,1
perpendicular,projection,1
linear,operation,1
linear,respect,1
early,exercise,1
natural,logarithm,1
much,rope,1
extra,rope,1
entire,world,1
nontrivial,transformation,1
set,convexity,1
linear,one,1
linear,component,1
few,restriction,1
general,deﬁnition,1
essential,diﬀerence,1
individual,7→arrow,1
many,input,1
such,arrow,1
inverse,set,1
formal,sense,1
ﬁrst,insight,1
second,insight,1
dimensional,line,1
small,range,1
dimensional,compress,1
many,homomorphism,1
derivative,send,1
obvious,condition,1
∈r(h,⃗w,1
unique,⃗w,1
ﬁrst,condition,1
same,style,1
nullity(h,pair,1
⃗n,∈v,1
appropriate,meaning,1
such,r(tk,1
new,thing,1
common,alternative,1
simple,calculation,1
above,formula,1
wide,matrix,1
new,operation,1
transpose,transformation,1
other,transformation,1
diﬀerent,map,1
express,⃗v,1
unique,representation,1
deﬁned,map,1
du1, hm\,1(cv1,1
diﬀerent,function,1
particular,space,1
many,domain,1
corresponding,subset,1
apparent,ambiguity,1
dual,use,1
particular,pair,1
corresponding,operation,1
second,space,1
strong,converse,1
correct,size,1
correct,rank,1
such,r3,1
possible,map,1
same,comparison,1
similar,exploration,1
7→⃗u,⃗v,1
naive,thought,1
next,operation,1
m×n,result,1
equal,subscript,1
most,operation,1
mathematical,operation,1
prior,course,1
nice,property,1
right,distributivity,1
rgr\,1h1\,j,fi,1
rgr\,2h2\,j,fi,1
heavy,argument,1
high,level,1
h1\,3x3,h1\,2x2,1
x1,g1\,1y1,1
third,part,1
wise,multiplication,1
own,transpose,1
polynomial,p(t,1
such,p(t,1
ﬁnite,degree,1
rable,example,1
usual,derivative,1
mechanical,process,1
striking,thing,1
right,one,1
right,result,1
easy,matrix,1
single,nonzero,1
corresponding,column,1
extra,parenthesis,1
general,check,1
arbitrary,real,1
whole,row,1
single,one,1
single,operation,1
computational,convenience,1
entire,story,1
clear,idea,1
many,road,1
alphabetical,order,1
due,wage,1
nonsingular,commute,1
few,multiplication,1
prior,approach,1
ternate,proof,1
other,order,1
single,argument,1
sided,⃗v,1
left,map,1
inverse,matrix,1
conceptual,appeal,1
related,problem,1
inverse,method,1
same,step,1
clerical,convenience,1
left,half,1
entire,section,1
familiar,algebra,1
intermediate,step,1
inverse,operation,1
inverse,commute,1
ﬁrst,question,1
codomain,vector,1
well,name,1
above,name,1
familiar,set,1
invertible,function,1
repd(1,−x,1
n×n,change,1
ﬁrst,basis,1
counterclockwise,angle,1
other,change,1
easy,case,1
left,multiplier,1
right,multiplier,1
possible,rank,1
nice,thing,1
appropriate,diagram,1
such,paq,1
equivalent,transpose,1
equivalent,inverse,1
equivalent,square,1
same,ending,1
well,description,1
other,projection,1
such,⃗p,1
c⃗p,⃗v,1
formal,span,1
more,phrase,1
casual,phrase,1
intuitive,expectation,1
same,perspective,1
south,part,1
useful,way,1
entire,map,1
shifted,position,1
minimum,distance,1
equal,derivative,1
less,length,1
independent,size,1
partial,converse,1
corollary,⟨⃗κ1\,⃗κ2⟩is,1
full,argument,1
non,dependence,1
trivial,dependence,1
second,⃗κ3,1
ﬁrst,⃗β,1
−⃗κ1,proj[⃗κ2](⃗β3,1
similar,check,1
non,basis,1
same,⃗v,1
scalar,coeﬃcient,1
upper,shape,1
early,subsection,1
arbitrary,subspace,1
ready,deﬁnition,1
diﬀerent,subspace,1
orthogonal,projm(⃗v,1
perpendicular,⃗v,1
ﬁrst,reaction,1
orthogonal,map,1
prior,work,1
ﬁnal,sentence,1
linear,subspace,1
convenient,formula,1
⃗c,∈rk,1
such,projm(⃗v,1
ﬁnd,note,1
close,point,1
perp,operator,1
such,operation,1
geometric,relationship,1
equal,f)⊥i,1
third,item,1
good,answer,1
long,term,1
close,vector,1
vertical,length,1
vertical,scale,1
true,proportion,1
circa,prediction,1
perfect,line,1
exact,solution,1
good,approximation,1
ﬁrst,class,1
second,class,1
major,league,1
mathematical,technique,1
many,record,1
periodic,sample,1
long,calculation,1
predictive,value,1
more,gas,1
low,toll,1
extra,gas,1
low,cost,1
previous,ﬂight,1
extra,datum,1
accurate,method,1
average,distance,1
ﬁrst,planet,1
exponential,curve,1
accurate,formula,1
missing,planet,1
right,h2,1
only,map,1
additional,variety,1
gular,matrix,1
entire,side,1
square,slide,1
same,extent,1
right,corner,1
simple,way,1
variable,function,1
real,function,1
nonlinear,function,1
overall,map,1
local,eﬀect,1
small,interval,1
core,idea,1
trivial,projection,1
linear,structure,1
other,idea,1
linear,idea,1
single,pair,1
particular,permutation,1
chinese,legend,1
chinese,civilization,1
depressed,state,1
fascinating,thing,1
middle,entry,1
above,square,1
sole,entry,1
mal,square,1
other,size,1
many,square,1
unsolved,problem,1
sized,square,1
n2,−2n,1
n2,−1,1
particular,case,1
ﬁrst,⃗ρ2,1
ﬁnal,row,1
only,row,1
such,column,1
last,row,1
many,column,1
last,block,1
classic,source,1
other,tr∗(m,1
diagonal,tr∗(m,1
simple,game,1
next,ﬂip,1
boundary,state,1
various,system,1
usual,m⃗v,1
fourth,ﬂip,1
characteristic,feature,1
next,state,1
current,state,1
same,chance,1
skilled,worker,1
manual,worker,1
such,inﬂuence,1
upper,worker,1
low,worker,1
successive,stage,1
upward,mobility,1
ﬁrst,generation,1
low,class,1
good,bit,1
more,example,1
professional,baseball,1
american,baseball,1
annual,season,1
ﬁrst,team,1
long,series,1
many,source,1
coin-ﬂipping,game,1
ﬁrst,paragraph,1
computational,experiment,1
much,interest,1
warm,climate,1
low,wage,1
less,unionization,1
undecided,su.,1
correct,thing,1
certain,town,1
certain,country,1
hypothetical,problem,1
elsewhere,move,1
well,team,1
nonnegative,entry,1
ﬁrst,ﬁgure,1
modern,term,1
many,statement,1
obvious,example,1
non,point,1
collinear,point,1
linear,⃗v0,1
neat,characterization,1
pythagorean,theorem,1
∥⃗p,∥=,1
equal,radius,1
particular,map,1
geometric,description,1
fourth,quadrant,1
euclidean,study,1
non,translation,1
trivial,translation,1
elementary,geometry,1
same,shape,1
ﬁrst,size,1
other,ﬁgure,1
kt)⃗v,⃗q,1
top,view,1
beautiful,book,1
same,component,1
second,paragraph,1
more,property,1
such,⃗b,1
ﬁrst,thing,1
optional,motivation,1
obvious,pattern,1
cdh,term,1
good,strategy,1
other,combination,1
entire,determinant,1
inessential,way,1
such,function,1
next,note,1
forward,diagonal,1
backward,diagonal,1
sized,determinant,1
third,order,1
determinant,order,1
maximum,value,1
early,chapter,1
determinant,change,1
fourth,sentence,1
big,saving,1
big,determinant,1
ﬁrst,step,1
same,output,1
only,value,1
large,integer,1
rational,entry,1
rational,determinant,1
new,step,1
emeritus,professor,1
unique,result,1
determinant,−2,1
diﬀerent,value,1
determinant,separate,1
simple,determinant,1
above,split,1
prior,expansion,1
third,matrix,1
such,determinant,1
above,expansion,1
+1,−6,1
new,scheme,1
many,determinant,1
separate,determinant,1
ﬁrst,integer,1
familiar,formula,1
determinant,result,1
equal,column,1
ﬁrst,statement,1
determinant,none,1
second,statement,1
determinant,show,1
left,block,1
most,real,1
positive,digit,1
n2,element,1
upper,corner,1
left,corner,1
single,input,1
other,number,1
natural,order,1
single,inversion,1
adjacent,swap,1
same,multiplicand,1
other,permutation,1
such,swap,1
other,result,1
top,arise,1
top,t1\,2t2\,3t3\,1,1
general,matrix,1
only,term,1
associated,permutation,1
many,author,1
signum,function,1
certain,condition,1
tn⃗vn,t1,1
good,postulate,1
deﬁning,vector,1
rescaled,region,1
solid,line,1
original,region,1
combining,box,1
⃗w,slant,1
same,height,1
shear,size,1
determinant,exist,1
more,postulate,1
positive,size,1
negative,size,1
negative,scalar,1
|t|,time,1
nonsingular,factor,1
mi(k,case,1
identity,matrix,1
scalar,show,1
linear,size,1
dimensional,object,1
proportional,amount,1
other,conﬁguration,1
other,cycle,1
counterclockwise,cycle,1
fascinating,discussion,1
general,audience,1
only,section,1
later,section,1
interesting,formula,1
third,line,1
−1)×(n,matrix,1
classical,adjoint,1
special,type,1
good,choice,1
small,parallelogram,1
large,parallelogram,1
algebraic,question,1
x1,factor,1
shaded,box,1
x1,time,1
third,box,1
many,equation,1
unique,case,1
similar,picture,1
proportional,time,1
many,multiplication,1
ﬁrst,factor,1
more,factor,1
running,time,1
many,issue,1
def,do_matrix(num_row,1
num_rows=,print,1
good,performance,1
typical,matrix,1
statistical,test,1
few,time,1
long,time,1
entire,column,1
contiguous,location,1
mental,calculation,1
sticky,issue,1
sound,reason,1
minor,entry,1
minor,left,1
large,determinant,1
multiple,step,1
intermediate,information,1
−1)×(n,one,1
public,domain,1
nxn,matrix,1
mxm,matrix,1
other,geometry,1
such,geometry,1
left,wall,1
dimensional,point,1
common,image,1
dimensional,image,1
such,factor,1
binocular,vision,1
geometric,property,1
equal,segment,1
unequal,length,1
close,viewer,1
second,case,1
solar,eclipse,1
last,model,1
parallel,line,1
codomain,plane,1
single,setting,1
low,half,1
awkward,thing,1
hemispheric,dome,1
single,spot,1
entire,equator,1
single,case,1
sudden,change,1
central,model,1
wide,⃗l,1
ﬁxed,point,1
unequal,line,1
right,conclusion,1
representative,vector,1
more,evidence,1
corresponding,vertex,1
euclidean,ﬁgure,1
familiar,image,1
projective,ﬁgure,1
preliminary,lemma,1
other,intersection,1
euclidean,version,1
euclidean,result,1
small,area,1
local,property,1
global,property,1
positive,point,1
far,side,1
full,circuit,1
right,handedness,1
non,space,1
orientable,space,1
nontechnical,reference,1
classic,story,1
analytic,approach,1
quick,theorem,1
synthetic,approach,1
historical,route,1
easy,application,1
non,project,1
circular,ellipse,1
equatorial,part,1
antipodal,modal,1
t0v0,line,1
prior,topic,1
same,spot,1
many,representative,1
possible,representative,1
prior,picture,1
grey,line,1
graphic,operation,1
extra,coordinate,1
same,time,1
tremendous,speedup,1
entire,shape,1
complex,transformation,1
major,advantage,1
middle,reﬂect,1
complex,eﬀect,1
possible,eﬀect,1
vast,literature,1
important,part,1
excellent,source,1
wonderful,blend,1
rigid,operation,1
obvious,way,1
above,block,1
many,polynomial,1
critical,theorem,1
more,context,1
general,context,1
pragmatic,reason,1
delightful,presentation,1
full,development,1
integer,statement,1
ﬁnal,clause,1
polynomial,division,1
such,d(λ,1
above,p(x,1
corollary,p(x,1
large,power,1
discriminant,−4ac,1
same,power,1
prime,factorization,1
real,root,1
irreducible,quadratic,1
polynomial,x2,1
ﬁrst,degree,1
complex,addition,1
more,bookkeeping,1
previous,chapter,1
direct,computation,1
other,option,1
common,case,1
only,member,1
ﬁner,partition,1
same,representative,1
determinant,rank,1
polynomial,cnxn,1
solid,curve,1
block,matrix,1
previous,work,1
simple,extension,1
crucial,point,1
b2,case,1
ﬁrst,entry,1
streamlined,way,1
previous,item,1
characteristic,value,1
peculiar,vector,1
trivial,case,1
same,eigenvector,1
ﬁrst,element,1
eigenvalue,’s,1
basic,tool,1
⃗ζ,t(⃗ζ,1
nontrivial,subspace,1
∈vλ,⃗ζn,1
other,⃗ζ,1
many,eigenvector,1
single,root,1
characteristic,factor,1
great,multiplicity,1
bottom,line,1
ﬁnal,result,1
large,root,1
asso-,eigenvalue,1
diagonal,representation,1
non-⃗0,member,1
integral,eigenvalue,1
real,eigenvalue,1
simple,kind,1
less,power,1
further,property,1
adjacent,space,1
subsequent,one,1
same,range,1
low,dimension,1
later,element,1
b2,∈c,1
vertical,axis,1
small,power,1
other,extreme,1
bottom,entry,1
natural,way,1
equal,r(ˆn)∩n,1
least,power,1
such,power,1
new,matrix,1
tedious,computation,1
long,string,1
most,k.,1
main,idea,1
disjoint,string,1
possible,shape,1
⃗β2,pick,1
⟨⃗β1,t(⃗β1,1
ﬁnal,vector,1
such,t(⃗v1,1
standard,one,1
second,application,1
second,iteration,1
right,shift,1
invariant,nilpotence,1
same,index,1
super,one,1
diagonal,one,1
square,transformation,1
polynomial,map,1
standard,⃗e1,1
fourth,degree,1
such,degree,1
zero,polynomial,1
least,degree,1
minimal,p(x,1
minimal,ˆp(x,1
polynomial,ˆp(x,1
early,observation,1
such,polynomial,1
minimal,degree,1
equal,degree,1
equal,c4,1
minimal,−x,1
polynomial,−x,1
equal,map,1
equal,matrix,1
quadratic,factor,1
linear,term,1
ﬁrst,proof,1
cn−1,cnt,1
right,telescope,1
teristic,polynomial,1
minimal,divide,1
polynomial,divide,1
⩽qj,⩽pj,1
scalar,p(λ,1
possible,polynomial,1
istic,polynomial,1
direct,calculation,1
ptp−1,ptp−1,1
new,form,1
canonical,representation,1
only,restriction,1
⃗β1,need,1
possible,choice,1
square,block,1
subdiagonal,entry,1
eigenvalue,matrix,1
middle,one,1
diagonalizable,case,1
canonical,matrix,1
representative,matrix,1
eigenvalue,leverage,1
full,example,1
full,compuation,1
such,string,1
n1,nk,1
above,diagram,1
dimension,r−q,1
−q,⃗y1,1
independent,⃗y1,1
more,point,1
unequal,eigenvalue,1
izable,transformation,1
−3,restriction,1
similar,calculation,1
separate,string,1
eigenvalue,−1,1
only,factor,1
non,subspace,1
reasonable,ordering,1
invariant,complement,1
great,majority,1
second,issue,1
large,component,1
dominant,eigenvalue,1
eigenvalue,settle,1
ﬁxed,number,1
large,length,1
good,reference,1
relevant,eigenvector,1
blank,line,1
full,power,1
sophisticated,method,1
stable,level,1
stable,sustaining,1
total,population,1
static,level,1
nontrivial,population,1
steady,behavior,1
leaky,boundary,1
dynamic,stability,1
external,population,1
canadian,bird,1
constant,population,1
good,book,1
wide,web,1
many,link,1
only,link,1
next,page,1
equal,importance,1
second,page,1
new,page,1
commercial,engine,1
many,reﬁnement,1
current,source,1
certain,man,1
many,pair,1
new,pair,1
second,month,1
exponential,model,1
other,assumption,1
alive,pair,1
own,equation,1
deﬁning,equation,1
fast,way,1
many,term,1
prior,term,1
many,function,1
initial,one,1
−k,f2)(n,1
many,condition,1
characteristic,function,1
independent,function,1
distinct,root,1
nonhomogeneous,case,1
small,adjustment,1
homogeneous,case,1
great,temple,1
high,needle,1
pure,gold,1
large,disk,1
immutable,law,1
other,needle,1
many,move,1
same,needle,1
third,needle,1
bottom,disk,1
original,relation,1
homogeneous,recurrence,1
single,r1,1
homogeneous,solution,1
nonhomogeneous,−1,1
complicated,case,1
many,month,1
ﬁnal,column,1
many,year,1
same,piece,1
original,computation,1
first,output,1
few,second,1
pendulum,video,1
excellent,demonstration,1
pure,state,1
small,distance,1
physical,intuition,1
general,amplitude,1
coupled,pair,1
coupled,oscillation,1
dramatic,behavior,1
same,moment,1
much,rotation,1
same,assumption,1
small,displacement,1
uncoupled,motion,1
simple,function,1
harmonic,function,1
coupled,motion,1
same,principle,1
same,frequency,1
rotational,oscillation,1
trivial,solution,1
nontrivial,solution,1
beat,frequency,1
other,source,1
available,online,1
major,point,1
entire,statement,1
everyday,speech,1
exclusive,way,1
casual,speech,1
indirect,way,1
contrapositive,statement,1
perfect,square,1
simple,argument,1
universal,quantiﬁer,1
straightforward,way,1
divisible,number,1
single,number,1
typical,proof,1
correct,one,1
existential,quantiﬁer,1
technical,turn,1
many,proof,1
such,proof,1
intial,number,1
routine,veriﬁcation,1
separate,paragraph,1
ﬁrst,equality,1
single,prime,1
second,possibility,1
even,km,1
curly,brace,1
few,set,1
proper,relationship,1
same,member,1
true,property,1
basic,operation,1
outer,rectangle,1
ordered,pair,1
convenient,superset,1
simple,map,1
same,role,1
middle,equality,1
large,scheme,1
familiar,rule,1
codomain,point,1
early,illustrate,1
arbitrary,element,1
small,domain,1
familiar,thing,1
mathematical,thing,1
positive,pair,1
overlapping,part,1
natural,scheme,1
everyday,work,1
simple,form,1
elementary,problem,1
ninth,edition,1
external,library,1
free,software,1
http://costoftolls.com/tolls_in_new_york.html,cost,1
solar,system,1
nontransitive,relation,1
diﬀerent,square,1
direct,map,1
elementary,row,1
a-9,correspondence,1
elementary,operation,1
determinant,expansion,1
linear,extension,1
natural,representative,1
opposite,map,1
a-9,partition,1
electric,potential,1
projective,transformation,1
proof,technique,1
similar,triangle,1
scalar,sum,1
dimensional,ﬁnite,1
rational,order,1
