β cid	534
vector space	287
v cid	261
w cid	225
c cid	175
linear combination	150
c β	127
v c	122
b cid	117
b c	99
linear map	97
echelon form	96
linear system	95
u cid	93
c c	91
null space	79
range space	78
v v	77
scalar multiplication	70
r r	69
basis b	68
r t	66
vector cid	64
c d	62
standard basis	61
t cid	61
square matrix	61
t t	61
t r	60
v w	58
p p	54
d cid	53
real number	49
r cid	47
n cid	46
row operation	45
h h	45
column vector	43
d d	43
c r	42
homogeneous system	42
free variable	41
h cid	41
e cid	40
identity matrix	40
n n	40
canonical form	40
direct sum	38
b d	37
b b	37
k cid	37
s c	36
linear transformation	36
diagonal matrix	36
unique solution	35
independent set	35
proj cid	35
characteristic polynomial	35
basis vector	34
next year	34
matrix cid	34
first row	33
transformation t	33
d c	32
equivalence class	32
matrix equivalence	32
z z	31
form matrix	31
orthogonal projection	31
particular solution	30
f cid	30
minimal polynomial	30
ρ cid	30
projective plane	30
many solution	29
dimensional space	29
t v	29
prior example	28
column space	28
string basis	28
right side	27
n matrix	27
v r	27
external demand	27
identity map	27
κ cid	27
homogeneous coordinate	27
determinant function	27
row vector	26
λ cid	26
c h	25
similarity class	25
second row	24
same number	24
p cid	24
equivalence relation	24
v h	24
h β	24
complex number	23
x axis	23
basis cid	23
row space	23
map h	23
basis matrix	23
dot product	22
row equivalence	22
linear relationship	22
dimensional formula	22
inverse image	22
permutation expansion	22
projective point	22
matrix multiplication	21
inductive step	21
matrix h	21
z w	20
same way	20
m cid	20
v t	20
nonzero vector	20
v k	20
permutation matrix	20
v proj	20
space v	19
r h	19
row swap	19
r c	19
d β	19
matrix vector	19
t λ	19
x d	18
s cid	18
b r	18
prior item	18
x2 cid	18
row rank	18
dimensionless product	18
d b	18
g h	18
coordinate vector	18
second component	17
k k	17
v s	17
special case	17
p t	17
column rank	17
p r	17
magic square	17
h c	16
third row	16
row combination	16
d r	16
c t	16
d dx	16
upper triangular	16
matrix t	16
nilpotent matrix	16
hand side	15
multiplication operation	15
prior subsection	15
empty set	15
base step	15
prior section	15
linear surface	15
u v	15
next result	15
spanning set	15
left inverse	15
partial identity	15
transition matrix	15
characteristic equation	15
natural number	14
set cid	14
first component	14
u w	14
scalar multiple	14
nonsingular matrix	14
inductive hypothesis	14
trivial subspace	14
independent subset	14
dimensional vector	14
h v	14
dim r	14
right inverse	14
orthogonal basis	14
gaussian reduction	13
first column	13
nonzero entry	13
right hand	13
additive inverse	13
linear independence	13
v b	13
basis e	13
δ cid	13
xn cid	13
vector product	13
t c	13
reduction matrix	13
elementary matrix	13
determinant cid	13
φ cid	13
projective line	13
ζ c	13
linear function	12
bottom equation	12
elementary reduction	12
next subsection	12
solution set	12
d e	12
k r	12
left hand	12
more information	12
non cid	12
real variable	12
polynomial p	12
r n	12
majority cycle	12
similar matrix	12
projective geometry	12
t string	12
initial condition	12
first chapter	11
linear equation	11
second equation	11
other way	11
homogeneous linear	11
s s	11
entire space	11
n vector	11
v β	11
z axis	11
preference list	11
homo morphism	11
e e	11
matrix equation	11
arrow diagram	11
sided inverse	11
central projection	11
subdiagonal one	11
normal mode	11
s d	10
back substitution	10
left side	10
first equation	10
many vector	10
general solution	10
matrix b	10
ρ c	10
trivial space	10
tall vector	10
matrix operation	10
quadratic polynomial	10
v d	10
map t	10
b e	10
r q	10
v p	9
ρ2 ρ3	9
reduction step	9
form version	9
line segment	9
upper left	9
matrix a	9
canonical representative	9
vector addition	9
coefficient c	9
z cid	9
degree polynomial	9
same dimension	9
t r2	9
function composition	9
matrix p	9
triangular matrix	9
matrix similarity	9
orthonormal basis	9
odd number	9
expansion formula	9
antipodal spot	9
n k	9
d z	8
d m	8
ρ3 y	8
x z	8
other vector	8
prior paragraph	8
other row	8
r s	8
euclidean geometry	8
absolute value	8
row reduction	8
r b	8
space cid	8
nontrivial vector	8
same span	8
voting paradox	8
complete set	8
line cid	8
g cid	8
dx p	8
image h	8
matrix representation	8
b v	8
matrix product	8
inverse cid	8
i d	8
κ β	8
even number	8
determinant formula	8
t n	8
euclidean plane	8
disjoint string	8
recurrence relation	8
combination operation	7
many member	7
many element	7
z r	7
same thing	7
m n	7
same row	7
t b	7
high dimension	7
point cid	7
s r	7
unit vector	7
n th	7
sized matrix	7
matrix c	7
auto industry	7
row column	7
good way	7
similar cid	7
usual operation	7
b w	7
rational number	7
th power	7
dependent set	7
e g	7
cubic polynomial	7
original matrix	7
d w	7
c w	7
symmetric matrix	7
unit cell	7
v f	7
r f	7
domain v	7
projection map	7
m r	7
vertical line	7
single point	7
basis element	7
first matrix	7
unit matrix	7
second sentence	7
diagonal entry	7
q cid	7
geometric multiplicity	7
distinct eigenvalue	7
true statement	6
next example	6
contradictory equation	6
proper subset	6
a b	6
w r	6
next section	6
vec tor	6
3z w	6
mathematical induction	6
canonical position	6
x r	6
w v	6
square root	6
v m	6
only nonzero	6
class representative	6
reduced echelon	6
other matrix	6
equivalent cid	6
matrix d	6
row_below row	6
voltage drop	6
r y	6
r x	6
real entry	6
matrix addition	6
real coefficient	6
space p	6
natural operation	6
wide row	6
linear dependence	6
y cid	6
prior exercise	6
natural basis	6
different basis	6
basis d	6
plane subspace	6
u u	6
equivalent matrix	6
equal row	6
same rank	6
b prove	6
preference order	6
linear algebra	6
power p	6
isn t	6
domain vector	6
n d	6
e b	6
e d	6
derivative map	6
h p	6
h b	6
c b	6
identity form	6
orthogonal vector	6
orthogonal complement	6
same result	6
o ring	6
ring failure	6
geometric effect	6
row cid	6
formula cid	6
ρ k	6
t p	6
eigenvalue λ	6
vertical motion	6
rotational motion	6
second edition	6
other hand	5
first example	5
solution cid	5
total value	5
positive integer	5
form system	5
matrix entry	5
matrix notation	5
second line	5
vector sum	5
scalar product	5
vector notation	5
p c	5
first subsection	5
m t	5
first section	5
first vector	5
product operation	5
yz plane	5
second column	5
nonzero row	5
base case	5
prior result	5
steel industry	5
steel auto	5
total production	5
row row	5
upper right	5
tall column	5
number multiplication	5
x x	5
sum cid	5
proper subspace	5
v r3	5
constant term	5
necessary condition	5
t d	5
same vector	5
other basis	5
c s	5
full column	5
equation cid	5
q r	5
second one	5
cyclic preference	5
r d	5
opposite preference	5
dimensional analysis	5
dimensional quantity	5
quantity formula	5
d x	5
w β	5
output value	5
h r	5
h r3	5
space r	5
homomorphism h	5
w vector	5
form c	5
scalar c	5
map g	5
6v 8v	5
8v 2v	5
r j	5
third column	5
inverse matrix	5
invertible matrix	5
p q	5
first sentence	5
starting basis	5
magic number	5
middle class	5
computer graphic	5
ρ v	5
single entry	5
d t	5
size cid	5
gray line	5
t u	5
b2 4ac	5
polynomial c	5
λ β	5
similarity diagram	5
same eigenvalue	5
single eigenvalue	5
p nullity	5
world population	5
page p	5
next month	5
small disk	5
few output	5
matrix r	4
topic speed	4
stable population	4
topic page	4
40h 15c	4
same set	4
more equation	4
w z	4
n column	4
low row	4
third component	4
v u	4
parameter solution	4
prior part	4
next one	4
trivial sum	4
s t	4
c k	4
same line	4
same direction	4
direction cid	4
straight line	4
length one	4
j cid	4
matrix g	4
first n	4
singular matrix	4
sage var	4
i3 i4	4
i4 i5	4
total output	4
row_below col	4
intersection point	4
above example	4
double precision	4
voltage rise	4
ohm resistor	4
number addition	4
closure condition	4
number variable	4
finite degree	4
differential equation	4
vector multiplication	4
vector w	4
usual addition	4
z rz	4
same sign	4
subspace cid	4
nonempty subset	4
equivalent statement	4
third condition	4
degenerate line	4
s span	4
vector c	4
other half	4
other direction	4
nontrivial linear	4
combination cid	4
dependent superset	4
different order	4
b sinθ	4
sinθ cid	4
example cid	4
α cid	4
bˆ cid	4
first half	4
dimensional subspace	4
opera tion	4
hand matrix	4
n row	4
transpose cid	4
full row	4
complementary subspace	4
q q	4
n space	4
mock election	4
string cid	4
relevant quantity	4
f c	4
number k	4
image vector	4
space b	4
isomorphism class	4
v n	4
b p	4
second map	4
map d	4
transfor mation	4
codomain basis	4
general vector	4
vector representation	4
codomain space	4
output vector	4
δ w	4
v 2v	4
such matrix	4
7v 9v	4
f g	4
matrix time	4
r p	4
right multiplication	4
map inverse	4
v wrtb	4
b show	4
column operation	4
world record	4
many people	4
sage model	4
e dist	4
orthonormal matrix	4
cross product	4
above matrix	4
function d	4
ρ w	4
ρ β	4
total number	4
vector equation	4
large matrix	4
random number	4
movie projector	4
line t	4
x p	4
only matrix	4
diagonal form	4
diagonalizable cid	4
nonzero eigenvector	4
v wrte	4
ζ cid	4
c λ	4
algebraic multiplicity	4
transforma tion	4
nilpotent transformation	4
tk cid	4
nilpotent map	4
potent matrix	4
only eigenvalue	4
invariant subspace	4
λ2 cid	4
c λk	4
λk cid	4
random surfer	4
linear recurrence	4
few value	4
middle needle	4
private communication	4
greek letter	3
many example	3
web page	3
high school	3
n equation	3
other time	3
linear elimination	3
reduction operation	3
inconsistent system	3
first system	3
y z	3
first number	3
same solution	3
system ax	3
unknown linear	3
variable z	3
instance cid	3
top line	3
number r	3
w u	3
vector operation	3
e x	3
3c d	3
solution c	3
unknown system	3
infinite solution	3
element solution	3
homogeneous equation	3
original system	3
only solution	3
y 3z	3
next row	3
second point	3
th row	3
th equation	3
low equation	3
first way	3
p d	3
single vector	3
solution solution	3
singular cid	3
nonsingular cid	3
different place	3
free vector	3
same change	3
way cid	3
displacement relative	3
representa tion	3
direction vector	3
geometric term	3
r3 cid	3
plane subset	3
v v2	3
v2 v2	3
nonzero cid	3
u2 2u	3
v2 u2	3
inner product	3
rn cid	3
algebraic property	3
right angle	3
unit cube	3
r time	3
sufficient condition	3
single element	3
j condition	3
many operation	3
same entry	3
d g	3
m m	3
th column	3
equal cid	3
relationship cid	3
truck driver	3
large system	3
many way	3
i2 i3	3
i5 i6	3
other part	3
steel input	3
sensitivity analysis	3
auto system	3
row n	3
row col	3
small change	3
input value	3
significant digit	3
good entry	3
conditioning number	3
electrical network	3
first fact	3
parallel portion	3
right branch	3
wheatstone bridge	3
equivalent resistance	3
different way	3
origin cid	3
usual meaning	3
second item	3
first one	3
primary object	3
usual matrix	3
v show	3
set r	3
only way	3
empty subset	3
whole space	3
other kind	3
small number	3
magic carpet	3
set p	3
same subspace	3
subspace c	3
linear polynomial	3
second sense	3
minimal spanning	3
finite set	3
combination c	3
other element	3
independent superset	3
constant function	3
first item	3
trivial intersection	3
many basis	3
c n	3
n v	3
induction argument	3
key point	3
dim u	3
alternative proof	3
transpose operation	3
sequence cid	3
antisymmetric matrix	3
algebraic structure	3
number system	3
number c	3
table salt	3
first basis	3
first part	3
second part	3
cyclic part	3
basis c	3
total cycle	3
unit system	3
classic example	3
complete relationship	3
p 2p	3
above equation	3
angle θ	3
codomain r2	3
first map	3
y d	3
structure preservation	3
shift map	3
inverse function	3
domain space	3
representative cid	3
e c	3
δ c	3
r π	3
r3 r	3
preservation property	3
matrix transpose	3
g c	3
d h	3
s h	3
plane vector	3
v π	3
π cid	3
dimensional domain	3
dimensional range	3
second derivative	3
k th	3
r tk	3
n h	3
calculation cid	3
general formula	3
derivative transformation	3
appropriate basis	3
appropriate dimension	3
map operation	3
representation cid	3
same domain	3
d v	3
h g	3
prior question	3
main diagonal	3
h t	3
rank interact	3
r matrix	3
map c	3
left matrix	3
simple matrix	3
adjacency matrix	3
low triangular	3
same size	3
representation matrix	3
same map	3
column reduction	3
size k	3
new basis	3
proj β	3
first line	3
th component	3
orthonormal set	3
dotted line	3
κ n	3
p b	3
t β	3
topic line	3
b t	3
same factor	3
matrix factor	3
first cid	3
stochastic matrix	3
class worker	3
initial distribution	3
rigid motion	3
point p	3
plane figure	3
distance d	3
x ax	3
dist cid	3
function det	3
x1 cid	3
det cid	3
n permutation	3
φ n	3
permutation b	3
tˆ ˆt	3
matrix s	3
n case	3
size function	3
matrix term	3
determinant t	3
matrix adjoint	3
computer language	3
railroad track	3
domain plane	3
third picture	3
great circle	3
line incident	3
distinct line	3
ideal line	3
constant polynomial	3
nonsingular p	3
scalar eigenvalue	3
v λ	3
z x	3
differentiation operator	3
generalized range	3
t z	3
x c	3
small degree	3
polynomial factor	3
linear factor	3
t 3i	3
block matrix	3
q nq	3
n1 k	3
c λ2	3
dominant eigenvalue	3
park population	3
f n	3
rest position	3
angular frequency	3
many prime	3
induction proof	3
mutual inclusion	3
binary relation	3
positive real	2
isomorphic space	2
map b	2
map r	2
character name	2
developmental approach	2
mathematical investigation	2
elementary set	2
linear reduction	2
second chapter	2
further reading	2
many year	2
more time	2
n tuple	2
top equation	2
swap operation	2
gaussian operation	2
second system	2
nonzero coefficient	2
other thing	2
different solution	2
third case	2
b x	2
other equation	2
third equation	2
new system	2
z 3w	2
first coordinate	2
case roman	2
roman letter	2
matrix row	2
single row	2
entry addition	2
vector form	2
2y 3z	2
same variable	2
solid grounding	2
c x	2
tor cid	2
equation system	2
http www	2
unrestricted combination	2
empty solution	2
w w	2
basic idea	2
proof technique	2
most t	2
bottom row	2
x cid	2
solution part	2
above set	2
equation index	2
p h	2
solution case	2
x y	2
other possibility	2
unique intersection	2
dimensional geometry	2
same word	2
equal length	2
natural position	2
standard position	2
v rv	2
far corner	2
n r	2
t s	2
vector description	2
entire body	2
relation ship	2
natural generalization	2
other cid	2
2u v	2
u2 u2	2
u2 v2	2
real vector	2
other one	2
space line	2
v line	2
large number	2
equality condition	2
orthogonal cid	2
addition cid	2
v rn	2
thatif cid	2
identity cid	2
first result	2
2ρ ρ	2
third stage	2
ρ3 ρ2	2
stage move	2
k ρi	2
same class	2
equivalence relationship	2
matri ce	2
next chapter	2
ρ2 cid	2
minimum number	2
s row	2
column cid	2
many matrix	2
many row	2
same column	2
second subsection	2
many part	2
dollar value	2
auto other	2
steel value	2
steel total	2
auto total	2
demand estimate	2
last year	2
total drop	2
same rate	2
row position	2
singular system	2
separate case	2
significant place	2
single precision	2
computer code	2
decimal place	2
brake light	2
ohm resistance	2
left branch	2
split point	2
single resistor	2
r ohm	2
resistance r	2
r g	2
g r	2
traffic flow	2
hourly flow	2
other road	2
time vector	2
other space	2
many space	2
final section	2
such set	2
many case	2
scalar multi	2
multi plication	2
simple condition	2
commutative cid	2
addition r	2
v l	2
same operation	2
element vector	2
other type	2
polyno mial	2
polynomial operation	2
same sum	2
polynomial addition	2
entry operation	2
infinite tuple	2
variable θ	2
such combination	2
component row	2
z c	2
natural addition	2
natural one	2
df dx	2
dx 2f	2
r th	2
n m	2
m matrix	2
point line	2
complex coefficient	2
result cid	2
large space	2
addition note	2
vector r	2
set s	2
additive identity	2
set t	2
matrix m	2
square bracket	2
rc cid	2
ρ2 c	2
right setting	2
combi nation	2
function f	2
odd function	2
many subspace	2
prior sum	2
usual set	2
set operation	2
same space	2
important result	2
equality cid	2
writing cid	2
vector set	2
other member	2
system c	2
space r3	2
independent cid	2
natural way	2
same property	2
alternate proof	2
same element	2
angle bracket	2
e n	2
above work	2
same order	2
unique way	2
common notation	2
n element	2
same relationship	2
vector b	2
large degree	2
such space	2
minimal size	2
nonzero scalar	2
dimension n	2
line subspace	2
finite number	2
many step	2
main result	2
ρj b	2
row opera	2
row j	2
first point	2
independent equation	2
d s	2
component part	2
above definition	2
unique decomposition	2
y axis	2
k nk	2
k space	2
unique show	2
cx c	2
e p	2
odd polynomial	2
r3 b	2
u dim	2
dim w	2
w dim	2
v dim	2
identity element	2
b f	2
topic crystal	2
big one	2
convenient basis	2
second basis	2
same length	2
middle picture	2
vote vector	2
acyclic part	2
t voter	2
rational preference	2
positive spin	2
other case	2
current research	2
same spin	2
voter election	2
physical quantity	2
body equation	2
physical dimension	2
experienced investigator	2
second fact	2
formula period	2
such product	2
θ cid	2
system p	2
final example	2
l1m0 t	2
time t	2
l0m0 t	2
circle c	2
complete equation	2
right definition	2
multiplication cid	2
natural correspondence	2
preserve structure	2
isomorphism map	2
d y	2
u d	2
turning map	2
v cf	2
cf cid	2
summand case	2
isomorphism cid	2
r1 r1	2
more isomorphism	2
p x	2
space isomorphism	2
third item	2
map p	2
find cid	2
more thing	2
c i	2
u β	2
associated output	2
associate cid	2
input vector	2
b aβ	2
aβ cid	2
bβ cid	2
cβ cid	2
dβ cid	2
real space	2
c p	2
c m	2
inverse map	2
p k	2
same coordinate	2
π r	2
nontrivial space	2
codomain element	2
input cid	2
n basis	2
same effect	2
same function	2
h r2	2
convenient scheme	2
tran formation	2
transformation cid	2
operation cid	2
function addition	2
scalar r	2
d f	2
appropriate domain	2
space l	2
polynomial r	2
same coefficient	2
general definition	2
function h	2
image set	2
domain element	2
diagonal line	2
set h	2
entire domain	2
consider cid	2
c nonzero	2
nullity h	2
inverse h	2
unique representation	2
b h	2
second condition	2
nontrivial intersection	2
linear c	2
dual space	2
member cid	2
1c 0c	2
argument cid	2
r3 p	2
domain basis	2
second way	2
t θ	2
map cid	2
action cid	2
basis h	2
position cid	2
n b	2
δ m	2
unique function	2
nonsingular map	2
first member	2
second member	2
such map	2
underlying map	2
different map	2
product r	2
d u	2
function operation	2
g z	2
inverse g	2
square h	2
form b	2
s vector	2
matrix multiplicative	2
multiplicative product	2
j th	2
space dimension	2
time r	2
matrix matrix	2
alternative way	2
column index	2
third equality	2
j r	2
multiplication interact	2
symmetric cid	2
derivative d	2
t3 c	2
square n	2
least degree	2
leading coefficient	2
radian counterclockwise	2
right matrix	2
example multiplying	2
entire matrix	2
single one	2
same answer	2
r a	2
r a2	2
iff dim	2
linear model	2
elementary row	2
number operation	2
prior problem	2
d show	2
quadratic equation	2
different representation	2
matrix change	2
change basis	2
map application	2
basis operation	2
change b	2
row multiplication	2
multiplication matrix	2
kβ cid	2
c v	2
different pair	2
t sin	2
r2 wrte	2
t wrte	2
standard one	2
equivalent c	2
same transformation	2
b2 b2	2
c show	2
railroad car	2
part proj	2
point v	2
expansion cid	2
κ2 β	2
first term	2
second term	2
intuitive appeal	2
b check	2
p v	2
s column	2
v i	2
actual date	2
t sage	2
b sage	2
sage datum	2
datum zip	2
fit find_fit	2
find_fit datum	2
datum model	2
model solution_dict	2
true sage	2
model sub	2
plot model	2
geometric action	2
codomain r	2
domain interval	2
next picture	2
same amount	2
same base	2
same area	2
component cid	2
geometric understanding	2
real function	2
n number	2
c e	2
low left	2
next block	2
same value	2
semimagic square	2
transpose sage	2
probability vector	2
nonnegative real	2
model assumption	2
direct influence	2
p n	2
n p	2
low class	2
probability p	2
n p0	2
p j	2
initial vector	2
threshold value	2
e t	2
unique point	2
orthogonal matrix	2
quarter circle	2
second matrix	2
first quadrant	2
film frame	2
system t	2
matrix e	2
main way	2
det t	2
same determinant	2
sign change	2
top row	2
determinant det	2
y2 cid	2
det a	2
identical row	2
third sentence	2
diagonal cid	2
important point	2
second step	2
scaling factor	2
check condition	2
same matrix	2
determinant value	2
key idea	2
ρ f	2
more vector	2
sequence notation	2
summation notation	2
φ permutationsφ	2
inversion change	2
adjacent swap	2
tˆ cid	2
d tˆ	2
e s	2
change volume	2
cube law	2
counterclockwise cycle	2
same cycle	2
recur rence	2
small one	2
many zero	2
new formula	2
t i	2
small integer	2
first picture	2
factorial function	2
range num_row	2
average time	2
matrix list	2
dim c	2
image plane	2
projector p	2
p image	2
codomain plane	2
image point	2
origin project	2
representative member	2
dome model	2
equatorial point	2
single projective	2
paper part	2
analytic geometry	2
sphere model	2
euclidean space	2
projective space	2
extra point	2
ideal point	2
euclidean line	2
large radius	2
euclidean picture	2
northern hemisphere	2
point incident	2
plane z	2
x direction	2
simple thing	2
low degree	2
such power	2
high degree	2
second degree	2
quadratic formula	2
horizontal axis	2
4ac cid	2
3i 3i	2
square p	2
more similarity	2
t tˆ	2
many similarity	2
same basis	2
diagonalizable matrix	2
diagonal representation	2
system b	2
ζ v	2
only transformation	2
ζ λ	2
action t	2
z b	2
nontrivial subspace	2
double root	2
single root	2
operator d	2
similarity transformation	2
characteristic root	2
cx2 dx3	2
second power	2
third power	2
third derivative	2
high power	2
power cid	2
space half	2
cx2 cid	2
r tn	2
tn cid	2
such vector	2
fourth power	2
v tk	2
hand action	2
other choice	2
nilpotent cid	2
matrix form	2
degree n2	2
q1 t	2
λ t	2
matrix coefficient	2
t x	2
additional root	2
polynomial m	2
v tn	2
1i t	2
nq q	2
second eigenvalue	2
k λ	2
tridiagonal form	2
large eigenvalue	2
many iteration	2
population level	2
dynamic stability	2
initial population	2
growth rate	2
initial park	2
search engine	2
important page	2
many page	2
other page	2
sink link	2
ranked page	2
intermediate value	2
matrix formulation	2
rf n	2
homogeneous recurrence	2
independent function	2
brass plate	2
diamond needle	2
far needle	2
big disk	2
homogeneous solution	2
harmonic motion	2
mathematical statement	2
2kn nˆ	2
km mˆ	2
set a	2
input argument	2
bean diagram	2
familiar exponent	2
exponent rule	2
additional property	2
same remainder	2
same part	2
solver problem	2
elementary problem	2
third edition	2
american volume	2
record progression	2
problem number	2
eigenvalue eigenvector	2
self composition	2
notation r	1
open interval	1
closed interval	1
interval cid	1
δ basis	1
basis basis	1
vector e	1
subspace h	1
h representation	1
matrix identity	1
h range	1
space null	1
pronounciation character	1
name character	1
tuh ξ	1
δ delta	1
ζ zeta	1
phi fee	1
roman capital	1
first course	1
reduction vector	1
map determinant	1
audience sophomore	1
mathematic program	1
program focus	1
late course	1
mathematical maturity	1
different type	1
function fact	1
independent reading	1
separate course	1
ideal spot	1
advanced text	1
detailed illustration	1
sophisticated reader	1
abrupt change	1
abrupt stop	1
complete solution	1
third week	1
routine check	1
good number	1
difficult problem	1
various journal	1
journal competition	1
problem collection	1
original wording	1
same type	1
vital aspect	1
few exercise	1
small group	1
license detail	1
late version	1
version exercise	1
exercise answer	1
answer beamer	1
additional material	1
hard copy	1
standard publishing	1
publishing source	1
little cost	1
software development	1
complex project	1
current contact	1
contact information	1
educational resource	1
development anditsavailability	1
self study	1
independent student	1
experienced instructor	1
sensible rate	1
vector week	1
extra thing	1
lab manual	1
http sagemath	1
sagemath org	1
few subsection	1
class exam	1
exam student	1
above course	1
home problem	1
problem set	1
main advice	1
many exercise	1
good sample	1
few people	1
correct proof	1
knowledgeable person	1
entire point	1
well tactic	1
exciting principle	1
actual trial	1
s note	1
good exercise	1
exercise one	1
creative act	1
hard work	1
content chapter	1
topic field	1
unknown masse	1
meter stick	1
mass time	1
balance point	1
equation 40h	1
second example	1
condition toluene	1
nitric acid	1
h o	1
byproduct water	1
water condition	1
element c	1
first power	1
such system	1
constant n	1
tuple s	1
ifthatn tuple	1
n sum	1
tneedguesswork orgoodluck	1
gaussian elimination	1
first transformation	1
second transformation	1
third transformation	1
middle equation	1
extraneous solution	1
fourth chapter	1
equation swap	1
d j	1
duction operation	1
letter rho	1
addition step	1
same ρ	1
typical case	1
ρ2 3y	1
ρ3 3y	1
ρ2 40h	1
50h 25c	1
ρ3 2y	1
first variable	1
row combina	1
combina tion	1
first combination	1
ρ2 z	1
suitable row	1
row rescaling	1
rescaling operation	1
more variable	1
example contrast	1
last example	1
number s	1
prior system	1
example member	1
member pair	1
yes response	1
arithmetic operation	1
wrong conclusion	1
extra step	1
s satisfy	1
more unknown	1
subsection abalance	1
reaction problem	1
new equation	1
6x 9y	1
earerealnumberswitha cid	1
ifthislinearequation ax	1
same equation	1
geometrical reasoning	1
reasoning show	1
penny nickel	1
many coin	1
arithmetic average	1
fourth integer	1
original integer	1
code letter	1
simple example	1
candidate a	1
preferred b	1
runoff election	1
possible order	1
first choice	1
curious property	1
arithmetic progression	1
good heaven	1
equation z	1
form linear	1
6z 6w	1
3z 3w	1
variable yin	1
yin term	1
ρ3 z	1
constant w	1
number value	1
streamlined notation	1
rectangular array	1
upper case	1
low case	1
case letter	1
above array	1
first nonzero	1
matrix echelon	1
clerical load	1
vertical bar	1
geometric interpretation	1
single column	1
vector vector	1
r v	1
addition operation	1
symbol r	1
different operation	1
right answer	1
solution vector	1
second section	1
other question	1
third section	1
different crop	1
crop corn	1
corn soybean	1
acre seed	1
seed corn	1
corn cost	1
oat seed	1
reasonable solution	1
large revenue	1
foranymatrixa thetranspose	1
conic section	1
section thatis	1
russian web	1
web site	1
site http	1
www arbuz	1
red arbuzoid	1
blue one	1
colored arbuzoid	1
third color	1
same color	1
above question	1
sphere weigh	1
metal aluminum	1
aluminum copper	1
copper silver	1
standard condition	1
respective weight	1
specific gravity	1
stricted combination	1
u r	1
unrestricted solution	1
solution combination	1
combination part	1
vector itisacombination	1
solution description	1
great advantage	1
first page	1
nonnegative multiple	1
variable u	1
substitute expression	1
z 2v	1
z v	1
r u	1
obvious proof	1
first instance	1
prior case	1
present case	1
t row	1
most equation	1
technical point	1
m sum	1
sum total	1
t m	1
free one	1
next equation	1
linear m	1
next lemma	1
h form	1
set inclusion	1
h d	1
early p	1
information onset	1
onset equality	1
single solution	1
homogeneous pattern	1
equation conflict	1
solution number	1
variable behave	1
general expectation	1
expectation people	1
standard term	1
thusthese matrix	1
thetable sotherdimension	1
4x 2y	1
system don	1
variable c	1
same combination	1
more intuition	1
s m	1
rational coefficient	1
optional review	1
unknown equation	1
short way	1
visual insight	1
dimensional case	1
eye opening	1
reasonable picture	1
equal direction	1
equal think	1
word vector	1
property vector	1
up arrow	1
endpoint v	1
algebraic motivation	1
motivation cid	1
same distance	1
opposite direction	1
vandw cid	1
represent displacement	1
long arrow	1
same minute	1
parallelogram rule	1
corner cid	1
above drawing	1
obvious generalization	1
same representation	1
canonical representa	1
multiplication component	1
whole body	1
negative value	1
t inr3	1
endpointsof vector	1
form z	1
line note	1
negative t	1
negative s	1
asetoftheform cid	1
l r	1
single equation	1
equation case	1
dimensional hyperplane	1
canonical name	1
r3 d	1
hyperplane subset	1
k m	1
s w	1
plane surface	1
way translation	1
own term	1
past experience	1
classic motivating	1
motivating discussion	1
second normalize	1
dimensionalplane forinstance	1
canceling square	1
middle term	1
i i	1
n component	1
u 2v	1
length cid	1
second vector	1
next theorem	1
planar subset	1
short distance	1
line finish	1
finish cid	1
v start	1
start cid	1
u see	1
nonnegative number	1
shortcut p	1
short cut	1
angle measure	1
next definition	1
r3 angle	1
angle formula	1
weak sense	1
nautical mile	1
perpendicular cid	1
axis c	1
addition c	1
associate e	1
suitable argument	1
vare perpendicular	1
di cula	1
cula r	1
degenerate plane	1
u k	1
mw cid	1
star gazer	1
stuff math	1
math teacher	1
similar system	1
vector month	1
month day	1
maximum harmony	1
other person	1
bad case	1
case relationship	1
s forsuchpeople	1
vectora cid	1
v theapparent	1
vector velocity	1
final term	1
ρ followedby2ρ	1
legal row	1
question willanytwo	1
willanytwo echelon	1
second stage	1
other entry	1
first stage	1
middle stage	1
stage operation	1
multiple one	1
single step	1
step cid	1
additional arithmetic	1
good form	1
other form	1
associated matrix	1
reversible proof	1
same multiple	1
j ρi	1
interreducible cid	1
row reducibility	1
prior lemma	1
distinct class	1
interrelated matrix	1
distinct echelon	1
negative seven	1
many math	1
math class	1
same letter	1
same product	1
crucial observation	1
observation concern	1
new row	1
reduction cid	1
ρ1 ρ2	1
suitable sequence	1
set c	1
distributingthosed sandregrouping	1
interreducible matrix	1
few operation	1
last matrix	1
g b	1
r ρ	1
matching row	1
rγ γ	1
proposi tion	1
basic version	1
linear relation	1
other nonzero	1
row number	1
such nonzero	1
column r	1
row index	1
hypothesis c	1
entry r	1
end product	1
row matrix	1
only variable	1
different echelon	1
mathematical situation	1
several time	1
element case	1
singular case	1
operational term	1
term uniqueness	1
many class	1
type cid	1
final matrix	1
other class	1
roadside cafe	1
third truck	1
sandwich acupofcoffee	1
acupofcoffee andadoughnut	1
equivalent system	1
conjecture c	1
special purpose	1
purpose program	1
general purpose	1
purpose computer	1
simplicity sage	1
i6 sage	1
i2 i4	1
i4 i6	1
same system	1
u array	1
problem 40h	1
1i 3j	1
3j 3i	1
3i 6j	1
complicated network	1
complicated object	1
key tool	1
auto sector	1
steel fall	1
consumption statistic	1
technical change	1
own output	1
external value	1
complete description	1
steel interact	1
less steel	1
steel note	1
steel output	1
practice model	1
auto output	1
s sage	1
sage eqns	1
sage n	1
current year	1
internal demand	1
mathematical model	1
external steel	1
steel demand	1
large model	1
more sector	1
single model	1
particular prediction	1
accurate tool	1
economic analysis	1
new process	1
production change	1
new car	1
auto steel	1
steel system	1
different year	1
economy c	1
hypothetical economy	1
farm rail	1
farm value	1
rail value	1
retail other	1
total business	1
military facility	1
personal income	1
first guess	1
row loop	1
initial ize	1
obvious language	1
language construct	1
innermost loop	1
first take	1
extra digit	1
more trouble	1
ninth place	1
correct solution	1
large change	1
instance changingthe3	1
ninth digit	1
place computer	1
equal line	1
memorable insight	1
numerical difficulty	1
similar one	1
more digit	1
step 1000ρ	1
actual answer	1
unreliable output	1
experienced programmer	1
large size	1
many problem	1
great memory	1
memory requirement	1
same trouble	1
seventeenth digit	1
numerical trouble	1
basic improvement	1
naive code	1
row entry	1
reliable result	1
troublesome system	1
good result	1
combination step	1
large entry	1
row_below swap	1
full analysis	1
most expert	1
input number	1
line problem	1
unchanged system	1
computer arithmetic	1
2εy 2εz	1
2εy εz	1
exact cancellation	1
integer part	1
place andwithε	1
much electricity	1
hi beam	1
beam headlight	1
current lighting	1
electrical fact	1
network component	1
such component	1
flow time	1
voltage amperage	1
amperage response	1
response curve	1
volt battery	1
battery result	1
electrical current	1
potential difference	1
electrical circuit	1
other component	1
total rise	1
west art	1
potential resistance	1
total voltage	1
prior network	1
actual direction	1
current flow	1
negative number	1
redundant equation	1
electrical property	1
complex net	1
net work	1
next diagram	1
top node	1
right node	1
inside loop	1
outside loop	1
upper loop	1
many kind	1
simple network	1
ohm b	1
parallel case	1
first network	1
similar thing	1
parallel circuit	1
second circuit	1
electric current	1
unknown resistance	1
middle read	1
traffic circle	1
traffic volume	1
reasonable modeling	1
modeling assumption	1
road arc	1
adapted law	1
intersection state	1
solution e	1
exit east	1
long period	1
bothrowsaddto235car onceinsidethenetwork	1
various way	1
fair understanding	1
general study	1
first impulse	1
sized column	1
closed system	1
single space	1
bad statement	1
accident contrast	1
general statement	1
first reading	1
reading notice	1
columnvector addition	1
addition row	1
set v	1
associative cid	1
inverse w	1
scalar addition	1
r w	1
ordinary multiplication	1
multiplication r	1
identity operation	1
example r	1
way item	1
side rs	1
x l	1
ordinary one	1
vector commute	1
plane commute	1
fourth condition	1
prior condition	1
condition observe	1
ninth cid	1
r sx	1
tenth condition	1
straightforward cid	1
whole plane	1
meaning cid	1
column array	1
wise addition	1
integer entry	1
scalar cid	1
term vector	1
constant polyno	1
school algebra	1
7x2 4x3	1
same add	1
sum chapter	1
space correspondence	1
number entry	1
natural entry	1
rc rd	1
natural n	1
polynomial space	1
sin n	1
2f n	1
infinite sequence	1
b xn	1
individual polynomial	1
space correspond	1
rb sinθ	1
bsinθ correspond	1
set d2f	1
natural interpretation	1
particular notice	1
dx2 dx2	1
example function	1
system inn	1
inn variable	1
typical equation	1
equation c	1
w c	1
space condition	1
multiplication symbol	1
real multiplication	1
scalar vector	1
full circle	1
satisfying people	1
right balance	1
important property	1
forany cid	1
v andr	1
andr r	1
phrase vector	1
right context	1
whole chapter	1
much use	1
use vector	1
wide variety	1
variable cid	1
variable x	1
usual poly	1
nomial addition	1
verification s	1
inherited operation	1
w d	1
nonempty solution	1
operation thereal	1
space overthe	1
overthe complexnumber	1
same definition	1
recallhowcomplex number	1
b i	1
obvious operation	1
closure one	1
ry rz	1
rz r	1
scalar time	1
opposite extreme	1
space r1	1
space definition	1
fifth condition	1
s closure	1
multiplication condition	1
origin subset	1
way think	1
equation linear	1
combination toshowitisasubspace	1
s pc	1
pc cid	1
small subspace	1
line thetrivialsubspace	1
real component	1
appropriate coefficient	1
example consider	1
x a	1
3c 2c	1
incidentally thisshowsthattheset	1
other set	1
subspace line	1
origin plane	1
case line	1
minimal number	1
level plane	1
level line	1
such collection	1
collection vector	1
great variety	1
more space	1
space one	1
com monality	1
section study	1
dimensional plane	1
evil villain	1
overboard unit	1
carpet unit	1
such location	1
set span	1
theeven function	1
twomem ber	1
such subspace	1
n variable	1
way use	1
manyvector equalsthezerovector	1
multiplication c	1
other subspace	1
intersection a	1
set complement	1
complement v	1
v a	1
test subspace	1
set depend	1
many set	1
more set	1
element set	1
first sense	1
global requirement	1
least number	1
various element	1
technical convenience	1
sense coincide	1
unknown mass	1
second balance	1
unknown problem	1
vtobea repeat	1
half assume	1
mutual containment	1
s equation	1
independent ifnone	1
word other	1
same side	1
independence definition	1
ofothervectorsfroms subtracting	1
system 40c	1
ρ2 40c	1
15c 25c	1
trivial relationship	1
nontrivial c	1
such relationship	1
clear statement	1
arenosuchc andc	1
dependence c	1
nontrivial relationship	1
subtle point	1
progression cid	1
familiar kind	1
right kind	1
matrix reduction	1
standard terminology	1
own pitfall	1
further comment	1
result address	1
nontrivial dependence	1
additional member	1
c z	1
n statement	1
repeat vector	1
parametrization c	1
fifth vector	1
third vector	1
dependence interact	1
subset relation	1
possible case	1
fourth case	1
table summarize	1
natural space	1
function e	1
equation sin2	1
dependent subset	1
independent b	1
subset cid	1
pair c	1
c assume	1
strong sense	1
combination sum	1
polynomial comment	1
redefine point	1
line plane	1
degenerate case	1
most number	1
property cid	1
dependence act	1
set relation	1
superset relation	1
intersection complementation	1
complementation c	1
m member	1
false c	1
independent buttheunions	1
buttheunions t	1
proof b	1
isan opinionquestion	1
sixteen entry	1
perpendicular nonzero	1
geometric series	1
showthat wheresisasubspaceofv	1
set coincide	1
ı cid	1
e note	1
r offunctionsofthe	1
offunctionsofthe realvariableθ	1
generic basis	1
natural candidate	1
unique c	1
same summa	1
summa nd	1
same β	1
n coordinate	1
solve cid	1
familiar case	1
v notation	1
equivalent recast	1
k c	1
main use	1
combinationof basis	1
crucial property	1
degree degreezero	1
degreezero degreeone	1
degreeone anddegreetwo	1
cubic polynomi	1
same linear	1
basis show	1
previous subsection	1
particular basis	1
basis leap	1
general associate	1
single basis	1
finite subset	1
different direction	1
main theorem	1
technical result	1
v yield	1
relationship d	1
iseasy wecanwriteanymemberd	1
halfoftheargument recallthatif	1
member d	1
b substitute	1
finite basis	1
size d	1
δ isinthespace	1
δ isanontriviallinear	1
paragraph form	1
basis step	1
k member	1
least n	1
n member	1
new k	1
previous basis	1
b k	1
familiar use	1
word space	1
corollary prof	1
whole number	1
only subspace	1
corollary show	1
empty basis	1
istriviallytrue basis	1
shrunken set	1
immediate consequence	1
term minimalspanningset	1
reasonable interpretation	1
few number	1
w b	1
diagonal e	1
similar subspace	1
subspace diagram	1
provethatifuandw areboththree	1
trivial generalize	1
basis interact	1
natural extension	1
canthereexistbasesb foru	1
such basis	1
b u	1
forusuchthatb b	1
space c	1
complement operation	1
new sequence	1
r3 c	1
n andthatforthevector	1
andthatforthevector cid	1
vtherelationship cid	1
n book	1
disjoint set	1
same book	1
new order	1
order define	1
v whereσ	1
first recall	1
independent row	1
above description	1
above terminology	1
containment recall	1
previous paragraph	1
ρ2 6ρ	1
producesthebasis cid	1
independent column	1
other column	1
transpose reduce	1
vague idea	1
same use	1
ρ2 2ρ	1
same precise	1
conceptual understanding	1
point observe	1
second compo	1
compo nent	1
affectlinear relationship	1
large set	1
unrelated column	1
fifth column	1
fourth ifand	1
first theorem	1
final point	1
left form	1
m equation	1
relevant number	1
num ber	1
r parameter	1
natural vector	1
vector d	1
4z d	1
z d	1
different reduction	1
unequal number	1
same nonzero	1
most m	1
rank b	1
combining subspace	1
last section	1
occasional exercise	1
subspace combination	1
r3 example	1
union operation	1
k writing	1
conventional practice	1
natural accumulation	1
accumulation operation	1
r3 prototype	1
axis r3	1
plane yz	1
interesting property	1
benchmark model	1
familiar decomposition	1
z part	1
first plane	1
second plane	1
xy part	1
5example considerr3	1
such expression	1
large sequence	1
n1 b	1
single sequence	1
subspace v	1
k w	1
concatenation b	1
n1 d	1
k expression	1
decomposition cid	1
case assumption	1
k nonzero	1
sum decomposition	1
own mention	1
definition v	1
trivial let	1
let cid	1
nonzero member	1
relationship w	1
same argument	1
subspace complement	1
prior exam	1
comple ment	1
natural question	1
simple sum	1
trivial inter	1
inter section	1
q w	1
w q	1
trivial see	1
sum definition	1
r z	1
even polynomial	1
set n	1
n e	1
v hasabasis	1
hasabasis cid	1
n subspace	1
pairwise intersection	1
complement cid	1
k sequence	1
diagonal b	1
transpose c	1
ifandonlyifdim v	1
strong statement	1
v split	1
cancellation hold	1
natural list	1
final condition	1
arbitrary field	1
coefficient vector	1
vector entry	1
additional development	1
field property	1
general setting	1
additional abstraction	1
integer number	1
suitable operation	1
little cube	1
atom lie	1
neat row	1
outer layer	1
small sphere	1
front top	1
many repetition	1
fundamental unit	1
internal structure	1
front face	1
many time	1
square cell	1
side length	1
lattice picture	1
2β cid	1
everyday experience	1
pencil lead	1
carbon atom	1
single plane	1
chemical bond	1
convenient unit	1
hexagonal ring	1
good basis	1
familiar crystal	1
new face	1
face carbon	1
corner carbon	1
more carbon	1
science context	1
fundamental region	1
graphite picture	1
picture imagine	1
hexagonal shape	1
origin c	1
diamond cube	1
atomsinamole thisisavogadro	1
thisisavogadro snumber	1
cubic lattice	1
lattice point	1
point thatis	1
diamond crystal	1
platinum sperunitcell	1
sperunitcell hint	1
single cell	1
cell c	1
cell d	1
d platinum	1
platinum crystal	1
cubic centimeter	1
cell e	1
dimensional basis	1
presidential process	1
class member	1
preferred mean	1
practical politic	1
overall winner	1
similar manipulation	1
candidate election	1
large election	1
interesting aspect	1
overall majority	1
single voter	1
rational inastraight	1
inastraight lineorder	1
order d	1
above cycle	1
negative sign	1
other preference	1
election d	1
circular group	1
group preference	1
graphical cycle	1
cycle notation	1
counterclockwise order	1
t vote	1
other acyclic	1
r k	1
optional section	1
ρ3 2c	1
2c c	1
part d	1
d voter	1
first voter	1
cycle part	1
second voter	1
opposite voter	1
alternate way	1
negative spin	1
opposite pair	1
right see	1
proof assume	1
cycle number	1
voting theory	1
intriguing result	1
voting system	1
reasonable definition	1
introductory arti	1
arti cle	1
readable text	1
long list	1
recent research	1
reasonable way	1
character experience	1
preferred rank	1
vice versa	1
line preference	1
entire group	1
more voter	1
wrong spincause	1
group total	1
many voter	1
set u	1
youcan taddapplesandorange	1
min hr	1
hr day	1
day year	1
year year	1
equation distance	1
other unit	1
right constantin	1
constant ft	1
ft dist	1
sec2 sec2	1
dimensional constant	1
particular unit	1
quan titie	1
foot secondorfathom	1
secondorfathom hour	1
negative exponent	1
equation d	1
d gt2	1
d term	1
other term	1
entire gt2	1
gt2 term	1
ex ample	1
length l1m0t0	1
pendulum p	1
other side	1
single t	1
ratio e	1
remarkable result	1
paper analysis	1
fact argument	1
easy way	1
homogeneous expression	1
dimensionless quantity	1
such dimensionless	1
dimensionless term	1
above equality	1
arbitrary function	1
form pp1	1
p yield	1
yield dimensionless	1
p4 l0m0t0	1
other quantity	1
term pp1	1
p2mp3ap4θp5 subject	1
scalar see	1
associated dimensionless	1
andπ θ	1
first year	1
year physics	1
physics text	1
other mean	1
small angle	1
fair amount	1
gravitational attraction	1
mean separation	1
separation r	1
r l1m0t0	1
second mass	1
mass m	1
constant g	1
π m	1
important application	1
prior formula	1
massofthesunandm isthemassofaplanet	1
mutual rotation	1
same acceleration	1
same center	1
mean radius	1
explicit application	1
deep water	1
formula velocity	1
water d	1
d l	1
solution space	1
constant fˆis	1
fˆis constant	1
quantity d	1
classic reference	1
brief book	1
initial velocity	1
velocity v	1
horizontal position	1
vertical position	1
initial speed	1
t l0m0t1	1
gx v2	1
v2 gy	1
gy v2	1
v2 θ	1
characteristic frequency	1
same force	1
elastic behavior	1
cubic cm	1
atom m	1
constant time	1
important role	1
early study	1
quantum phenomena	1
rotation rate	1
formula l0m0	1
wave speed	1
speed v	1
height h	1
gravity g	1
d π	1
π dg	1
dg v2	1
propagation speed	1
vector arrow	1
mqk mp1	1
familiar equation	1
c 2πr	1
old saying	1
useful strategy	1
dimensional homogeneity	1
element column	1
common phase	1
formal definition	1
end point	1
new insight	1
pleasant one	1
interesting case	1
new idea	1
same component	1
component e	1
double arrow	1
corresponding vector	1
corresponding total	1
total cid	1
correspondence cid	1
corresponding way	1
map f	1
correspondence f	1
rf cid	1
read v	1
equal component	1
codomain cid	1
f r	1
r oflinearcombi	1
thatf c	1
equal polynomial	1
equal coefficient	1
y c	1
rc rc	1
third type	1
parabola graph	1
most one	1
horizontal homogeneity	1
relevant respect	1
green difference	1
isomorphism fix	1
summand base	1
few summand	1
k term	1
term sum	1
second half	1
prior chapter	1
right way	1
bx cid	1
natural map	1
isomorphism h	1
x2 ax3	1
ax3 c	1
unique member	1
dependent cid	1
polar coordinate	1
map andotherthana	1
f r1	1
let b	1
p tor3	1
associated image	1
new vector	1
u rw	1
rw cid	1
sum p	1
d supposethatuandw	1
v suchthatv	1
isomorphism wegavesome	1
wegavesome result	1
unequal space	1
com position	1
equivalence isomorphism	1
double implication	1
implication statement	1
correspon dence	1
n correspondence	1
prior sentence	1
d span	1
span w	1
v expand	1
expand cid	1
only vector	1
v nβ	1
nβ cid	1
such representation	1
original argument	1
argument u	1
s u	1
other advantage	1
element cid	1
unique output	1
output requirement	1
requirement illuminatestheissue	1
different expansion	1
v 0α	1
0α cid	1
above proof	1
dimensional cid	1
r0 cid	1
r3 vector	1
many idea	1
small space	1
representation map	1
e β	1
prior map	1
δ b	1
δ d	1
single class	1
new structure	1
r5 c	1
r3 e	1
letter ax	1
transpose b	1
andw thatis	1
givean isomorphism	1
n forw	1
tofˆ cid	1
space u	1
f v	1
structure map	1
correspondence experience	1
space h	1
r3 map	1
f m	1
term homomorphism	1
isomor phism	1
such correspondence	1
useful result	1
basis ifv	1
ifv isavec	1
isavec tor	1
tor space	1
space withbasis	1
homomor phism	1
same action	1
function fˆ	1
n action	1
direct consequence	1
linear tran	1
linear operator	1
xn d	1
c df	1
g 10x	1
10x cid	1
y 5x	1
c f	1
function r	1
isomorphism concept	1
homomorphism concept	1
h 2a	1
x2 b	1
perpendicular projection	1
linear operation	1
function respect	1
respect subtraction	1
r β	1
nh cid	1
early exercise	1
natural logarithm	1
logarithm map	1
ln r	1
ellipse cid	1
extra rope	1
entire world	1
r1 act	1
scalar conclude	1
derivative operator	1
operator di	1
di dxi	1
linear transfor	1
independent c	1
span v	1
transpose map	1
set convexity	1
convexity cid	1
showthatthenull space	1
space ofthismap	1
ofthismap cid	1
isasubspaceofthe w	1
w domain	1
l v	1
unique homomorphism	1
v r2	1
component function	1
linear one	1
linear component	1
component map	1
r1 c	1
few restriction	1
injection map	1
x3 cid	1
sx tx2	1
r sx2	1
essential difference	1
bean sketch	1
individual cid	1
arrow eachassociation	1
many input	1
such arrow	1
w r1	1
r1 w	1
same astherange	1
extra component	1
map π	1
preservation condition	1
addition property	1
y1 y2	1
line one	1
v thatmapstow	1
thatmapstow hascomponent	1
thataddtow sotheinverseimageh	1
addition preservation	1
more briefly	1
briefly h	1
formal sense	1
first insight	1
same term	1
element h	1
sinceh cid	1
becauseh c	1
istheinverse image	1
second insight	1
dimensionaldomain compress	1
single member	1
independent consider	1
b z	1
many homomorphism	1
derivative transfor	1
homomorphism independence	1
contrast dependence	1
rank h	1
morphism map	1
implication assume	1
representation w	1
map isone	1
ax ax2	1
c dx2	1
dx2 c	1
map z	1
z r3	1
nullity cid	1
r5 r8	1
th derivative	1
space rank	1
first condition	1
same style	1
inverse n	1
codomain b	1
same diman	1
diman sion	1
sufficient use	1
form h	1
form ax	1
v thatisrankone	1
thatisrankone themapgivenby	1
v satisfie	1
v isnotinthenullspace	1
appropriate meaning	1
v form	1
tk r	1
equation h	1
c 1c	1
argument h	1
new thing	1
common alternative	1
lowercase letter	1
amap uppercase	1
simple calculation	1
matrix repre	1
repre sentative	1
value h	1
projection thestraightforward	1
thestraightforward formula	1
above formula	1
new scheme	1
scheme simplifie	1
rotation map	1
plane counterclockwise	1
e vector	1
θ sinθ	1
wide matrix	1
row way	1
new operation	1
operation column	1
associated linear	1
xi cid	1
d eval	1
eval p	1
e slide	1
slide p	1
transpose transformation	1
rotation transformation	1
other transformation	1
dilation map	1
same scalar	1
reflection map	1
d using	1
image basis	1
th position	1
show show	1
relationship u	1
entry h	1
triangular representation	1
b m	1
column n	1
codomain fix	1
express cid	1
instance v	1
representation computationofh	1
computationofh cid	1
v isroutine	1
calculation h	1
u supply	1
b1 d1	1
different function	1
particular space	1
many domain	1
many map	1
n range	1
dimension recall	1
d linear	1
corresponding subset	1
apparent ambiguity	1
word rank	1
7definition alinearmapthatisone	1
dual use	1
particular pair	1
corresponding matrix	1
matrix state	1
domain p	1
member c	1
morphism h	1
domain cid	1
space element	1
right e	1
hand column	1
b andc	1
andnullity h	1
non singular	1
hˆ v	1
h vector	1
second space	1
strong converse	1
correct size	1
correct rank	1
g v	1
multiple rh	1
same comparison	1
d 5w	1
similar exploration	1
δ u	1
function sum	1
entry scalarmultiplication	1
entry sum	1
operation simplicity	1
matrix scalar	1
matrix sum	1
naive thought	1
entry product	1
commutative g	1
associative g	1
identity g	1
e r	1
z g	1
similar result	1
next operation	1
v g	1
r3 fix	1
fix basis	1
d 5v	1
second h	1
j h	1
matrix wrt	1
same b	1
b effect	1
underlying function	1
possible h	1
dimension r	1
r space	1
map dimension	1
dimension description	1
description line	1
other dimension	1
equal subscript	1
definition treat	1
mathematical operation	1
prior course	1
commutativity matrix	1
nice property	1
v distributivity	1
s i	1
heavy argument	1
unconnected toanyidea	1
high level	1
level construct	1
qx r	1
composition map	1
third part	1
nonsingular c	1
wise multiplication	1
integer p	1
h rfh	1
rfh sgh	1
own transpose	1
map showthatlinearmap	1
identity transformation	1
c t3	1
with1 sinits1	1
sized identity	1
respect toe	1
toe e	1
e thestandardbasis	1
thestandardbasis ofarotation	1
rable example	1
non commutativity	1
usual derivative	1
associative b	1
b reprove	1
mechanical process	1
striking thing	1
right one	1
right result	1
easy matrix	1
single nonzero	1
matrix unit	1
matrix copy	1
result thisistheaction	1
different row	1
corresponding column	1
g time	1
extra parenthesis	1
aproduct of2	1
general check	1
arbitrary real	1
matrix rescale	1
whole row	1
matrix issquareandisall0	1
issquareandisall0 sexceptforasingle1	1
matrix permute	1
row swapper	1
ρj p	1
form r	1
computational convenience	1
entire story	1
matrix point	1
clear idea	1
left swap	1
right swap	1
sinθ sinθ	1
alphabetical order	1
way street	1
street c	1
incidence matrix	1
cube cid	1
associated pay	1
pay rate	1
regular overtime	1
overtime wage	1
n dimension	1
identity commute	1
matrix commute	1
commute cid	1
computer researcher	1
j number	1
matrix a10	1
a10 20matrix	1
20matrix a20	1
prior approach	1
ternate proof	1
c dim	1
d dim	1
optional v	1
other order	1
many z	1
single argument	1
addition recall	1
linear h	1
matrix statement	1
fix space	1
g i	1
map equation	1
d restating	1
system m	1
conceptual appeal	1
inverse opera	1
different constant	1
related problem	1
inverse method	1
solution change	1
component move	1
row step	1
identity bycorollary3	1
case r	1
sentence group	1
clerical convenience	1
identity side	1
left half	1
d ad	1
entire section	1
algebra system	1
familiar algebra	1
number matrix	1
subtraction work	1
scalar multipli	1
multipli cation	1
operation associativity	1
difference failure	1
intermediate step	1
inverse operation	1
operation interact	1
inverse example	1
linear cid	1
matrix show	1
inverse commute	1
first question	1
showthat therank	1
oftwo matricesis	1
matricesis lessthan	1
symmetric c	1
inverse d	1
basis pair	1
pair e	1
v theunderlyingvector	1
theunderlyingvector cid	1
mainspace vector	1
space vector	1
well name	1
above name	1
conversion cid	1
easy d	1
familiar set	1
invertible function	1
ending basis	1
elementary r	1
k β	1
swap matrix	1
j j	1
combination matrix	1
r2 cid	1
find basis	1
n change	1
diagram h	1
counterclockwise angle	1
t π	1
tˆ wrtdˆ	1
usual way	1
other change	1
same forinstance	1
same starting	1
basis chapter	1
easy case	1
appropriate pair	1
left multiplication	1
matrix equiva	1
equiva lence	1
lence class	1
left multiplier	1
right multiplier	1
rank twosame	1
same block	1
possible rank	1
equivalence cid	1
nice thing	1
m c	1
projection c	1
use change	1
pair cid	1
appropriate arrow	1
equivalent transpose	1
r1 r3	1
specific case	1
case b	1
general case	1
let v	1
equivalent inverse	1
equivalent square	1
same ending	1
b1 b1	1
intoitsxy plane	1
shadow map	1
well description	1
visthevector cid	1
other projection	1
coefficient observe	1
formal span	1
casual phrase	1
intuitive expectation	1
west track	1
northeast cid	1
same perspective	1
car picture	1
south axis	1
south part	1
useful way	1
loop slide	1
projection cid	1
torpedo range	1
half mile	1
entire map	1
projection transformation	1
projection break	1
s be	1
be nonzero	1
number cid	1
minimum distance	1
distance function	1
nonzero multiple	1
action b	1
intothelinespannedby cid	1
v j	1
k set	1
independent size	1
k subset	1
partial converse	1
κ proj	1
corollary cid	1
basis start	1
get cid	1
κ1 cid	1
κ i	1
k starting	1
full argument	1
trivial taking	1
taking cid	1
vector condition	1
definition cid	1
similar check	1
vinthespace thevector	1
thevector cid	1
showthatproj cid	1
vk cid	1
κ s	1
v hint	1
vectord cid	1
κ d	1
vinthesubspace thei	1
thei th	1
scalar coefficient	1
coefficient cid	1
κi cid	1
d prove	1
set b	1
κ c	1
k one	1
orthogonal k	1
triangular shape	1
early subsection	1
line proj	1
rest cid	1
arbitrary subspace	1
decomposition idea	1
sum v	1
ready definition	1
orthogonal definition	1
project cid	1
first subscript	1
one matter	1
represent cid	1
different subspace	1
different result	1
projection operation	1
hand picture	1
projection proj	1
system v	1
first reaction	1
basis k	1
k number	1
κ r	1
κ apply	1
apply cid	1
other containment	1
proj w	1
final sentence	1
part cid	1
linear subspace	1
convenient formula	1
vector proj	1
c rk	1
exercise cid	1
x 2y	1
find m	1
plane p	1
p part	1
item e	1
doallthree way	1
perp operator	1
such operation	1
geometric relationship	1
d generalize	1
property b	1
property c	1
such t	1
subspace e	1
projection matrix	1
good answer	1
intermediate number	1
number number	1
long term	1
term ratio	1
datum vector	1
good guess	1
data vector	1
data head	1
vertical length	1
least square	1
true proportion	1
record time	1
mile race	1
minute mark	1
century year	1
penny datum	1
perfect line	1
exact solution	1
good approximation	1
datum entry	1
entry burden	1
different sequence	1
standard body	1
first class	1
second class	1
sage year	1
sage sec	1
zip year	1
year sec	1
datum plot	1
color red	1
typeset latex	1
latex sage	1
pdf sage	1
good line	1
team salary	1
major league	1
league baseball	1
mathematical technique	1
sage sage	1
sage sal	1
zip sal	1
sage p	1
p point	1
point datum	1
datum size	1
many win	1
team owner	1
goodness exercise	1
fair flip	1
many record	1
exact date	1
periodic sample	1
long calculation	1
data set	1
predictive value	1
highway restaurant	1
more gas	1
low bridge	1
bridge toll	1
extra gas	1
low crossing	1
crossing cost	1
cost toencouragepeopleto	1
toll crossing	1
passenger car	1
way toll	1
space shuttle	1
temperature o	1
previous flight	1
flight temp	1
extra datum	1
accurate method	1
excellent discussion	1
average distance	1
distance note	1
good fit	1
exponential curve	1
line c	1
asteroid belt	1
missingplanet inposition5	1
nonlinear map	1
right h	1
rotate vector	1
additional variety	1
partial identitymatrix	1
gular matrix	1
t matrix	1
describedbyapartial identity	1
axis x	1
i th	1
p matrix	1
h u	1
picture vector	1
component slide	1
square slide	1
same extent	1
line slide	1
angle corner	1
simple way	1
map line	1
image space	1
identity projection	1
line input	1
line output	1
nonlinear function	1
different domain	1
domain point	1
different effect	1
first decrease	1
local effect	1
dy dx	1
small interval	1
core idea	1
misun derstood	1
derstood result	1
x byafactor	1
composition dilate	1
function change	1
rotation counterclockwise	1
r2 r2	1
vector clockwise	1
equation t	1
t h	1
trivial projection	1
linear structure	1
point b	1
linear idea	1
single pair	1
particular permutation	1
different number	1
chinese legend	1
river people	1
chinese civilization	1
river scroll	1
depressed state	1
figure genius	1
fascinating thing	1
middle entry	1
sole entry	1
other size	1
unsolved problem	1
magic n	1
n2 linear	1
e h	1
e i	1
particular case	1
rn2 r2n	1
messy focus	1
only row	1
nonzero column	1
th entry	1
such column	1
case c	1
many column	1
last block	1
classic source	1
trace function	1
simple game	1
player bet	1
next flip	1
boundary state	1
game sage	1
sage v1	1
v2 v1	1
v1 m	1
m sage	1
sage v2	1
various number	1
usual m	1
fourth flip	1
characteristic feature	1
chain model	1
next state	1
current state	1
prior one	1
aplayerwhoarrivesat bystartinginstate	1
bystartinginstate andthengoingtostate	1
same chance	1
level executive	1
professional supervisor	1
manual worker	1
unskilled worker	1
next generation	1
upper class	1
successive stage	1
current class	1
class distribution	1
sage m	1
first generation	1
good bit	1
more example	1
american baseball	1
annual season	1
first team	1
long series	1
many source	1
coin flipping	1
flipping game	1
first paragraph	1
paragraph b	1
vector table	1
counterexample c	1
computational experiment	1
much interest	1
central region	1
warm climate	1
low wage	1
less unionization	1
large firm	1
z entry	1
birth death	1
death state	1
business move	1
research a	1
undecided state	1
thatis endinstate	1
endinstate orresponseb	1
orresponseb endingin	1
b jump	1
correct thing	1
tentative b	1
b state	1
state tryingtheresponseout	1
tryingtheresponseout denotedheret	1
other state	1
probability pin	1
runthisforfivestep u	1
d graph	1
graph p	1
p a	1
certain town	1
certain country	1
hypothetical problem	1
town dweller	1
elsewhere move	1
year c	1
game b	1
well team	1
column sum	1
sized transition	1
first figure	1
modern term	1
p r2	1
many statement	1
distance preservingmap	1
obvious example	1
translation cid	1
collinear point	1
point t	1
image t	1
fromt cid	1
d case	1
dy d	1
d suffice	1
translation f	1
constant vector	1
neat characterization	1
pythagorean theorem	1
particular cid	1
e map	1
unit circle	1
circle clockwise	1
circle counterclockwise	1
counterclockwise cid	1
geometric description	1
counter clockwise	1
clockwise angle	1
picture show	1
show cid	1
fourth quadrant	1
euclidean study	1
trivial translation	1
glide reflection	1
elementary geometry	1
same shape	1
size p	1
other figure	1
euclid mathematic	1
use today	1
top view	1
beautiful book	1
d correspond	1
inverse show	1
second paragraph	1
more property	1
form t	1
such cid	1
matrix nonsingular	1
first thing	1
compu tation	1
intricate see	1
ad bc	1
optional motivation	1
obvious pattern	1
term ad	1
cdh term	1
good strategy	1
operation part	1
unchanged andtheother2	1
swap ρ	1
b det	1
entire determinant	1
inessential way	1
such function	1
subsection note	1
wise operation	1
plan performgauss	1
matrix singular	1
determinant x	1
forward diagonal	1
backward diagonal	1
section b	1
sized determinant	1
showthatsimilar2 2matrice	1
plane cid	1
c3 det	1
third order	1
maximum value	1
formula calculate	1
scalar k	1
ρ s	1
early chapter	1
3remark condition	1
doesnothaveak cid	1
sentence swap	1
determinant change	1
de term	1
singular t	1
fourth sentence	1
big time	1
time saving	1
example determinant	1
procedure cid	1
first step	1
multiple way	1
row scaling	1
sign alternate	1
same output	1
only value	1
j b	1
determinant issomewhatannoying	1
number ofswap	1
minor matter	1
question doesn	1
product ts	1
d satisfie	1
satisfie condition	1
function b	1
second cid	1
large integer	1
r submatrix	1
rational entry	1
emeritus professor	1
campus e	1
a2 cid	1
unique result	1
swap cid	1
different answer	1
s condition	1
determinant separate	1
simple determinant	1
splitting cid	1
above split	1
many determinant	1
prior expansion	1
third matrix	1
such determinant	1
above expansion	1
determinant simplifie	1
new calculation	1
calculation scheme	1
separate determinant	1
column matrix	1
entry j	1
considerthe3 permutationφ	1
permutationφ cid	1
above cid	1
φ3 cid	1
p φ4	1
φ4 t	1
determinant result	1
equal column	1
determinant determinant	1
first statement	1
matrix result	1
determinant none	1
none solution	1
solution lot	1
table permutation	1
term m	1
determi nant	1
ofthedefinitionto read	1
third statement	1
nonzero determinant	1
n datum	1
datum point	1
real sr	1
t ri	1
positive digit	1
determinant show	1
left corner	1
value unity	1
n nmatrice	1
nmatrice iswell	1
p ρ3	1
different output	1
single input	1
natural order	1
single inversion	1
permutation sgn	1
n permutationsφ	1
n identity	1
permu tation	1
k d	1
ater mind	1
multilinear expansion	1
t expansion	1
th number	1
same multiplicand	1
multiplicand ˆt	1
ˆt t	1
rowsˆt t	1
sgn σ	1
other permutation	1
permutation σ	1
tˆ d	1
φ d	1
other result	1
top arise	1
t product	1
product expression	1
same permutation	1
φ p	1
permutation cid	1
nonzero term	1
inverse b	1
b sgn	1
permutation inverse	1
permutation p	1
m inversion	1
m step	1
φ sgn	1
many author	1
signum function	1
certain condition	1
geometric approach	1
parallelogram picture	1
n set	1
space y1	1
box area	1
rectangle area	1
y2 d	1
d area	1
good postulate	1
scalar w	1
rescaled region	1
solid line	1
original region	1
k size	1
function mea	1
original one	1
same height	1
shear operation	1
operation size	1
determinant condition	1
unit size	1
space size	1
n condition	1
determinant exist	1
positive size	1
clockwise arc	1
negative size	1
negative scalar	1
base time	1
magnitude cid	1
t time	1
map term	1
s ts	1
unit box	1
t e	1
s e	1
r e	1
example application	1
box e	1
b a2	1
a2 c	1
r3 r3changesvolume	1
composition change	1
at b	1
b assume	1
change size	1
determinant func	1
func tion	1
n property	1
determinant c	1
d conclude	1
non identity	1
scalar show	1
linear size	1
dimensional object	1
surface area	1
positive cid	1
same counterclockwise	1
same orientation	1
cycle b	1
other configuration	1
cycle c	1
other counterclockwise	1
general audience	1
audience discussion	1
exist subsection	1
later section	1
amusing formula	1
third line	1
j time	1
example a	1
a row	1
classical adjoint	1
adj t	1
t adj	1
hand calculation	1
special type	1
generic matrix	1
good choice	1
row c	1
sub section	1
th term	1
small parallelogram	1
large parallelogram	1
algebraic question	1
starting parallelogram	1
shaded box	1
second box	1
third box	1
shearing adding	1
adding x	1
b a	1
computation cid	1
eye solve	1
solve system	1
such case	1
complex system	1
geometry write	1
many equation	1
similar picture	1
input datum	1
permutationsφ cid	1
n term	1
many multiplication	1
large n	1
more factor	1
reduction method	1
finished version	1
same speed	1
speed result	1
random def	1
def random_matrix	1
random uniform	1
m append	1
def gauss_method	1
practice m	1
m list	1
row num_row	1
num_row factor	1
p_entry entry	1
append entry	1
entry factor	1
factor p_entry	1
response raw_input	1
raw_input number	1
int response	1
print row	1
gauss_method routine	1
row prow	1
routine perform	1
perform factor	1
ρ row	1
running time	1
matrix comment	1
many issue	1
computation model	1
bottom def	1
def do_matrix	1
random_matrix num_row	1
print num_row	1
determinant computation	1
computation method	1
good performance	1
typical matrix	1
computer system	1
statistical test	1
few time	1
singular wecansometime	1
large role	1
average c	1
input size	1
timing routine	1
random matrix	1
timing number	1
long time	1
language specification	1
code fragment	1
computer fetch	1
contiguous location	1
integer people	1
mental calculation	1
sticky issue	1
point calculation	1
sound reason	1
ex pan	1
pan sion	1
minor s	1
det c	1
large determinant	1
multiple step	1
intermediate information	1
right diagonal	1
diagonal minusthethreelower	1
minusthethreelower lefttoupper	1
case def	1
def det_two	1
c def	1
nxn matrix	1
c append	1
append det_two	1
det_two m	1
mxm matrix	1
return key_elet	1
command line	1
such geometry	1
right wall	1
first intersection	1
dimensional intersection	1
dimensional image	1
such factor	1
binocular vision	1
geometric property	1
instance line	1
length segment	1
unequal length	1
close thing	1
projector projector	1
p source	1
source point	1
second case	1
canvas painter	1
painter p	1
more configuration	1
solar eclipse	1
pinhole p	1
last model	1
parallel line	1
single setting	1
projection case	1
low half	1
picture p	1
pinhole projecting	1
projecting point	1
upper part	1
awkward thing	1
hemispheric dome	1
single spot	1
set k	1
definition clarifie	1
entire equator	1
track model	1
single case	1
different point	1
point dome	1
dome mode	1
sudden change	1
projection model	1
view p	1
model sphere	1
z project	1
line l	1
vand cid	1
theprojective point	1
incidence formula	1
theprojective line	1
equation 1v	1
space plane	1
line result	1
distinct point	1
unequal line	1
same familiarity	1
right conclusion	1
analytic projective	1
vector solution	1
representative column	1
following result	1
more evidence	1
corresponding vertex	1
v1 u1	1
side u	1
collinear uv	1
uv tv	1
euclidean figure	1
familiar image	1
projective figure	1
preliminary lemma	1
similar t	1
u x	1
routine t	1
u t	1
projective theorem	1
euclidean version	1
euclidean result	1
small area	1
local property	1
global property	1
axis point	1
sphere palm	1
north pole	1
far side	1
full circuit	1
line form	1
right handedness	1
orientable space	1
nontechnical reference	1
classic science	1
science fiction	1
fiction story	1
orientation reversal	1
analytic approach	1
quick theorem	1
synthetic approach	1
historical route	1
fine source	1
interesting application	1
p andl	1
p l	1
circular ellipse	1
ellipse project	1
equatorial part	1
antipodal modal	1
arecollinear consider	1
intersection u	1
intersection t	1
picture b	1
parameter e	1
u line	1
prior topic	1
same spot	1
same projective	1
definition nonzero	1
possible representative	1
prior picture	1
movie theater	1
theater screen	1
screen cid	1
associate vector	1
grey line	1
screen plane	1
graphic operation	1
matrix slide	1
c tx	1
tx cid	1
extra coordinate	1
same time	1
tremendous speedup	1
radian cid	1
target plane	1
entire shape	1
complex transformation	1
x component	1
major advantage	1
complex thing	1
left slide	1
complex effect	1
general affine	1
affine transformation	1
general projective	1
j k	1
vast literature	1
important part	1
excellent source	1
wonderful blend	1
rigid operation	1
obvious way	1
tall nonzero	1
possible b	1
above block	1
factor polynomial	1
many polynomial	1
critical theorem	1
general context	1
pragmatic reason	1
delightful presentation	1
full development	1
equation degree	1
degree f	1
f degree	1
degree g	1
division operation	1
remainder polynomial	1
final clause	1
polynomial division	1
division statement	1
constant take	1
dividend p	1
d λ	1
q λ	1
corollary p	1
root p	1
p λ	1
number root	1
number coefficient	1
coefficient factor	1
same power	1
prime factorization	1
uniqueness clause	1
real root	1
thenx2 1factor	1
vertical note	1
bi a2	1
a2 b2	1
quadratic factor	1
irreducible quadratic	1
first degree	1
scalar arithmetic	1
more bookkeeping	1
bookkeeping cid	1
0i i	1
0i 3i	1
3i i	1
previous chapter	1
0i cid	1
codomain equalsthedomain	1
codomain sbasisequal	1
v wrtd	1
transformation d	1
p 2wrtb	1
2wrtb 2wrtb	1
p 2wrtd	1
2wrtd 2wrtd	1
direct computation	1
other option	1
d 1d	1
1d cid	1
property pip	1
tˆ wrtd	1
similarity equation	1
only member	1
class similarity	1
fine partition	1
similarity relation	1
same representative	1
tˆ p	1
b find	1
diagram b	1
conversion c	1
nontrivial similarity	1
similarity relationship	1
b reflection	1
d reflection	1
same similarity	1
class cid	1
solid curve	1
previous work	1
simple extension	1
represen tation	1
crucial point	1
map n	1
representation vector	1
free cid	1
wrtb d	1
diagonalization b	1
streamlined way	1
basis use	1
different similarity	1
previous item	1
characteristic value	1
peculiar vector	1
trivial case	1
codomain p	1
dimensional r	1
c cx	1
cx cid	1
eigenvector ofthe	1
ofthe form	1
matrix version	1
same eigenvector	1
thematrixt hastwoeigenvalue	1
simple cid	1
left t	1
representation b	1
element β	1
e tˆ	1
b respect	1
basic tool	1
nonzero solution	1
π z	1
eigenvalue proof	1
ζ t	1
b π	1
many eigenvector	1
polynomial factorsinto	1
different eigenspace	1
maptobothside cid	1
v term	1
term vanishe	1
induction hypothesis	1
distinct λ	1
diagram t	1
d p	1
bottom line	1
final result	1
theory note	1
complex cid	1
associated eigen	1
eigen vector	1
5a 6a	1
6a 2a	1
nontrivial v	1
λ r	1
integral eigenvalue	1
n eigenvalue	1
vthen cid	1
transformation map	1
isomorphism p	1
simple kind	1
superscript power	1
power notation	1
dx b	1
dx3 6d	1
function iteration	1
shift transformation	1
descending chain	1
chain v	1
ascending chain	1
chain cid	1
chain none	1
further property	1
subset containment	1
adjacent range	1
subsequent one	1
low dimension	1
b 2cx	1
2cx 3dx2	1
late element	1
d x2	1
2d d	1
space shrink	1
shrink r	1
transformation π	1
coor dinate	1
dinate c	1
π c	1
r π2	1
π b	1
vertical axis	1
t rank	1
steady state	1
identity tran	1
b cx2	1
b cx	1
cx ax2	1
t r3	1
r3 r3	1
associative t	1
space stabilize	1
s fall	1
nullity split	1
small power	1
linear t	1
function t	1
tn r	1
direct sumv	1
sumv r	1
dim v	1
transformation satisfie	1
transformation tn	1
space tn	1
only cid	1
r tj	1
bottom entry	1
string depiction	1
hasr nˆ	1
e hasr	1
hasr nˆ2	1
r nˆ3	1
nˆ3 cid	1
function nˆ4	1
tion t	1
differentiation map	1
vector basis	1
new matrix	1
tedious computation	1
differentiation d	1
inparticular thisstringsatisfie	1
dx string	1
long string	1
most k	1
length k	1
main idea	1
possible shape	1
dimensional meaning	1
basis form	1
hand one	1
set β	1
space t	1
th1 β	1
final nonzero	1
thi β	1
intersection r	1
ξ cid	1
space part	1
t dim	1
t andextendb	1
andextendb cid	1
m wrte	1
matrix calculation	1
routine cid	1
second application	1
additional basis	1
second iteration	1
vector map	1
hop β	1
right shift	1
shift operator	1
basis state	1
item cid	1
same index	1
index cid	1
tisa transformation	1
restriction map	1
t isone	1
diagonal one	1
same range	1
optional subsection	1
linear transforma	1
sum b	1
n entry	1
member set	1
n2 c	1
tn2 c	1
generalized nilpotency	1
transformation c	1
b ct	1
3example rotation	1
sin π	1
fourth degree	1
polynomial f	1
minimal polyno	1
early observation	1
such polynomial	1
minimal degree	1
equal degree	1
s cancel	1
put c	1
possible note	1
force c	1
equal map	1
isasquarematrixthenf t	1
t andk	1
1i q1	1
equal matrix	1
full induction	1
linear term	1
unfactored version	1
thecharacteristic polynomial	1
z qz	1
first proof	1
proof observe	1
x t	1
identity c	1
most n	1
matrix drop	1
t xn	1
c xn	1
xn c	1
s coefficient	1
c tn	1
map satisfie	1
root λ	1
z pz	1
q j	1
eigenvector cid	1
v λ2	1
v λi	1
λi cid	1
polynomial function	1
function p	1
multiplying cid	1
scalar p	1
tk c	1
m λ	1
t 2i	1
istic polynomial	1
scalar λ	1
direct calculation	1
domain map	1
t factor	1
nonzero matrix	1
trivialspace cid	1
t sonlyeigenvalue	1
λ sonlyeigenvalue	1
matrix thatis	1
new form	1
eigenvalue t	1
canonical representation	1
only restriction	1
possible choice	1
choice cid	1
similarity computation	1
mation t	1
3i wrte	1
thenullspaceof t	1
chooseaβ cid	1
square block	1
number λ	1
λ c	1
subdiagonal entry	1
associated basis	1
eigenvalue matrix	1
short reading	1
middle one	1
diagonalizable case	1
representative matrix	1
diagonalization example	1
eigenvalue leverage	1
full example	1
full compuation	1
starting space	1
form representation	1
call t	1
such string	1
string w	1
above diagram	1
n1 q	1
independent vector	1
nk k	1
q equation	1
more point	1
generalized null	1
unequal eigenvalue	1
invariant proof	1
λm cid	1
λ m	1
basis p	1
exponent one	1
ascending order	1
prior exampleapplyagain	1
exampleapplyagain becausethepowerofx	1
izable transformation	1
similar calculation	1
eigenvalue p	1
separate string	1
polynomial cid	1
h i	1
item c	1
equivalence d	1
multi plicitie	1
element t	1
t invariance	1
reasonable ordering	1
degree j	1
j polynomial	1
invariant complement	1
differentiation transformation	1
application matrix	1
great majority	1
n t3	1
t3 cid	1
v λk	1
ζ λk	1
n λk	1
fraction goto	1
vector length	1
implementation issue	1
second issue	1
generating number	1
large component	1
ratio t	1
eigenvalue settle	1
iteration process	1
v differ	1
significant k	1
large length	1
simple one	1
case technique	1
other method	1
relevant eigenvector	1
blank line	1
v1 t	1
v2 t	1
t v1	1
v1 v2	1
norm v10	1
full power	1
sophisticated method	1
reserve park	1
park doesn	1
park leave	1
stable level	1
world p	1
p 90p	1
90p 01r	1
r 10p	1
10p 99r	1
population p	1
stable self	1
total world	1
static population	1
percent growth	1
steady growth	1
growth behavior	1
stable p	1
leaky park	1
park boundary	1
stable state	1
external population	1
park growth	1
year span	1
canadian bird	1
constant population	1
good book	1
web search	1
list page	1
simplified version	1
wide web	1
page j	1
user behavior	1
surfer visit	1
outbound link	1
next page	1
importance ranking	1
page rank	1
page sage	1
sage h	1
h eigenvectors_right	1
sage v	1
sage w	1
norm sage	1
fourth page	1
equal importance	1
third page	1
new page	1
various α	1
commercial search	1
many refinement	1
excellent exposition	1
certain man	1
many pair	1
new pair	1
second month	1
exponential growth	1
growth model	1
other simplifying	1
simplifying assumption	1
question month	1
fast way	1
formula givesitsrootsas	1
golden ratio	1
hard cid	1
n formula	1
elementary model	1
population growth	1
delay period	1
prior term	1
domain z	1
many function	1
initial one	1
characteristic function	1
case cid	1
polynomial λk	1
k recurrence	1
diagonalization calculation	1
distinct root	1
rk k	1
nonhomogeneous case	1
small adjustment	1
homogeneous case	1
great temple	1
pure gold	1
large disk	1
top one	1
immutable law	1
other needle	1
many disk	1
disk move	1
disk problem	1
same needle	1
sized disk	1
move process	1
third needle	1
bottom disk	1
minimum suffice	1
t disk	1
original relation	1
consider0 t	1
root r	1
thus function	1
homogeneous relation	1
nonhomogeneous relation	1
eye spot	1
condition t	1
n disk	1
complicated case	1
challenging source	1
many month	1
rabbit pair	1
initial condi	1
condi tion	1
final column	1
com puter	1
puter code	1
point number	1
straightforward require	1
require extension	1
extension number	1
helper funciton	1
n lst	1
con proc	1
same piece	1
recursive mean	1
original computation	1
helper function	1
number import	1
chicken import	1
foreign import	1
output tower	1
line break	1
time order	1
pendulum video	1
excellent demonstration	1
pure motion	1
motion state	1
motion overtime	1
coordinate system	1
small distance	1
constant k	1
physical intuition	1
cosine graph	1
differential cid	1
general amplitude	1
phase shift	1
coupled pair	1
coupled oscillation	1
dramatic behavior	1
same moment	1
mode behavior	1
much rotation	1
freedom case	1
same assumption	1
degree case	1
small displacement	1
coupled system	1
d2θ t	1
uncoupled motion	1
harmonic function	1
same principle	1
rotational oscillation	1
θ t	1
hand case	1
motion cid	1
φ k	1
trivial solution	1
nontrivial solution	1
4ac 2a	1
beat frequency	1
mode frequency	1
motion coincide	1
background material	1
argument tech	1
tech nique	1
other source	1
major point	1
other statement	1
entire statement	1
truth value	1
p statement	1
form p	1
p orq	1
orq statement	1
everyday speech	1
speech people	1
exclusive way	1
casual speech	1
direct assume	1
5n 10n	1
indirect way	1
contrapositive statement	1
perfect square	1
p n2	1
prime p	1
p iff	1
equivalent p	1
simple argument	1
universal quantifier	1
straightforward way	1
single number	1
typical element	1
element proof	1
prime say	1
case p	1
correct one	1
n pk	1
existential quantifier	1
existence proposition	1
technical turn	1
many proof	1
free meaning	1
such proof	1
intial number	1
routine verification	1
initial n	1
initial number	1
step verifie	1
separate paragraph	1
first equality	1
single prime	1
kisaproductofprime aimingtoshowk	1
second possibility	1
contradiction assume	1
euclid sargumentthatthere	1
k list	1
contradiction m	1
impossible set	1
backdrop thevocabulary	1
curly brace	1
builder notation	1
few set	1
subset relationship	1
same member	1
true property	1
outer rectangle	1
curly bracket	1
bracket notation	1
subset union	1
ordered pair	1
convenient superset	1
codomain c	1
squaring function	1
simple map	1
same role	1
middle equality	1
superscript notation	1
function inverse	1
large scheme	1
scheme function	1
fj fi	1
fi j	1
j fi	1
range c	1
codomain point	1
identity function	1
value thatis	1
early illustrate	1
picture define	1
define g	1
arbitrary element	1
inverse limit	1
limit input	1
small domain	1
domain relation	1
mathematical thing	1
transitivity partition	1
sign relation	1
pair pair	1
positive pair	1
set ω	1
nonzero number	1
nˆd ndˆ	1
d n	1
routine observe	1
givesthesame remainder	1
relation r	1
natural scheme	1
everyday work	1
simple form	1
form fraction	1
proposer h	1
aude solver	1
proposer r	1
vol 60no	1
org sampling	1
sampling feature	1
feature column	1
pendulum oscillation	1
large scale	1
ninth edition	1
determinant calculation	1
external library	1
library http	1
http stackoverflow	1
stackoverflow com	1
software implementation	1
http wiki	1
wiki call	1
http costoftoll	1
costoftoll com	1
fourth edition	1
3rd ed	1
remarkable similarity	1
mathematical curiosity	1
solar system	1
paradoxical situation	1
nontransitive relation	1
help map	1
map direction	1
element volume	1
graphic principle	1
n2 http	1
blog post	1
post http	1
wordpress com	1
https www	1
www youtube	1
youtube com	1
com watch	1
square http	1
progression http	1
org wiki	1
law http	1
index accuracy	1
accuracy bean	1
fit line	1
adjoint matrix	1
adjugate matrix	1
characteristic rotation	1
circuit orthogonalization	1
laplace expansion	1
direct map	1
congruent plane	1
entry matrix	1
class a	1
see homomorphism	1
elementary operation	1
flat k	1
historyless process	1
identity kernel	1
determinant expansion	1
induction mathematical	1
linear extension	1
independence column	1
map vector	1
formation inverse	1
inverse definition	1
matrix o	1
o f15	1
opposite map	1
multiplication page	1
multiplicity parallelogram	1
natural representative	1
nilpotency index	1
normalize vector	1
partial closure	1
map matrix	1
power method	1
representation vanishing	1
vanishing point	1
projective transformation	1
similar triangle	1
multiple skew	1
sgn sum	1
sum shift	1
permutation ex	1
swapping row	1
transformation length	1
size change	1
mul definition	1
