Token,Frequency
rep,278
linear,192
r2,177
x2,160
spaces,134
gauss,129
lemma,126
theorem,117
method,115
qed,113
example,110
proof,109
maps,107
definition,98
jordan,92
rn,91
iii,86
ii,85
three,82
vector,76
cid,76
systems,64
exercises,60
exercise,57
show,54
determinants,52
iv,51
corollary,51
x3,47
det,47
similarity,46
r3,46
matrix,42
bˆ,40
geometry,37
math,35
t2,35
two,34
tˆ,33
remark,32
algebra,30
3x,30
hint,29
mathematical,29
basis,28
3y,28
r4,28
section,28
jan,27
american,27
2y,26
4y,26
bx,26
gh,26
ω2,26
2z,25
xy,25
topic,24
ra,24
c2,24
recall,23
space,22
mathematics,21
dimension,21
ρ1,21
xn,21
sinθ,21
hˆ,21
2x,20
dx,20
mon,20
col,20
five,20
third,20
democrat,20
four,20
operations,19
vi,19
use,19
note,19
markov,18
bc,18
republican,18
dˆ,18
row,17
analysis,17
projection,17
chiò,17
2c,17
google,17
law,16
2a,16
prove,16
gardner,16
nˆ,16
monthly,16
laplace,15
form,15
appendix,15
a2,15
ts,15
wikipedia,15
φ2,15
ˆt,15
c3,15
computing,14
schmidt,14
projective,14
express,14
feb,14
represent,14
compute,14
homomorphisms,13
cramer,13
doesn,13
first,13
observe,13
n2,13
cosθ,13
rm,13
ptp,13
hanoi,13
set,12
gram,12
mag,12
fix,12
rank,12
square,12
κ1,12
φ1,12
page,12
echelon,11
computer,11
isomorphisms,11
matrices,11
don,11
d2,11
assume,11
wrtb,11
tr,11
ata,11
apr,10
nilpotence,10
5z,10
inequality,10
coxeter,10
fibonacci,10
2i,10
press,10
magazine,10
al,9
sage,9
independence,9
dimensional,9
magic,9
algorithm,9
cleary,9
gaussian,9
forinstance,9
euclid,9
elementary,9
below,9
leontief,9
generalize,9
l1m0,9
fˆ,9
p1,9
5f,9
nov,9
strang,9
rule,9
v0,9
league,9
adj,9
t3,9
3i,9
tower,9
john,9
university,9
combination,8
input,8
output,8
examples,8
change,8
fit,8
complex,8
chemistry,8
2w,8
3a,8
schwarz,8
reduced,8
i1,8
kirchhoff,8
at,8
north,8
cos,8
1c,8
bob,8
next,8
bridge,8
p_row,8
cn,8
tn,8
edu,7
us,7
voting,7
jay,7
representations,7
subspace,7
6x,7
ρ2,7
max,7
calculus,7
east,7
triangle,7
cauchy,7
ρi,7
lo,7
one,7
bfg,7
cdh,7
hfa,7
idb,7
gec,7
rowspace,7
axis,7
giordano,7
ab,7
ρk,7
sgn,7
python,7
gen,7
cayley,7
hamilton,7
chicken,7
ωt,7
hefferon,6
new,6
ki,6
applications,6
computations,6
polynomials,6
recurrences,6
suppose,6
ax2,6
5w,6
cy,6
winooski,6
l1m0t0,6
l0m0t1,6
p2,6
l0m1t0,6
t4,6
phq,6
integer,6
ball,6
national,6
kt,6
frame,6
kh,6
φ5,6
jun,6
chio,6
q2,6
q1,6
t0,6
cˆ,6
pagerank,6
d2x,6
umap,6
org,6
michael,5
paradoxes,5
general,5
analyzing,5
combining,5
multiplication,5
chains,5
functions,5
formula,5
7x,5
8x,5
physics,5
ρ4,5
cx,5
wohascum,5
notice,5
describe,5
arccos,5
finite,5
4i,5
i0,5
2k,5
current,5
st,5
rf,5
bsinθ,5
y2,5
sˆ,5
iff,5
aei,5
needn,5
exchange,5
l0m0t0,5
bridgman,5
2n,5
thus,5
thatis,5
wrtd,5
hg,5
fg,5
dec,5
state,5
κk,5
mile,5
van,5
shu,5
dimm,5
kg,5
permφ,5
desargue,5
λ2,5
brin,5
wilberforce,5
dt,5
wiley,5
problem,5
william,5
martin,5
http,4
joshua,4
smcvt,4
james,4
particular,4
accuracy,4
map,4
sums,4
mechanics,4
best,4
squares,4
powers,4
science,4
statics,4
anton,4
a3,4
sept,4
7z,4
compare,4
july,4
therefore,4
perform,4
hoffman,4
kunze,4
1i,4
hamming,4
rice,4
voltage,4
scalars,4
briefly,4
xz,4
0x2,4
indepen,4
4x2,4
cos2,4
arrow,4
zwicker,4
sec,4
3m1t0,4
buckingham,4
times,4
wells,4
wilde,4
conclude,4
rc,4
rotation,4
sv,4
1α,4
transformation,4
nc,4
column,4
multiply,4
cv,4
du,4
rh,4
d3,4
tk,4
zero,4
west,4
write,4
fundamental,4
neptune,4
rdf,4
northeast,4
klein,4
ac,4
bd,4
nonsingular,4
new_row,4
len,4
da,4
vinci,4
non,4
disney,4
mˆ,4
λ3,4
t10,4
de,4
proc,4
var,4
lib,4
ω2cos,4
beck,4
trigg,4
david,4
social,4
mar,4
games,4
scientific,4
quickie,4
jim,3
college,3
colchester,3
vermont,3
homogeneous,3
networks,3
isomorphism,3
scalar,3
orthogonal,3
line,3
orthonormal,3
graphics,3
numbers,3
canonical,3
onan,3
1y,3
county,3
great,3
mathematician,3
nut,3
3w,3
apply,3
shepelev,3
ussr,3
olympiad,3
6z,3
heath,3
pythagorean,3
b2,3
yuster,3
aˆ,3
trono,3
maple,3
prize,3
solve,3
clark,3
coupe,3
forexample,3
wilkinson,3
switch,3
lights,3
node,3
toi,3
avenue,3
main,3
pier,3
willow,3
condition,3
d2f,3
define,3
rk,3
cx2,3
aren,3
r1,3
expand,3
subspaces,3
sheffer,3
x4,3
ka,3
yz,3
nk,3
ni,3
chapter,3
graphite,3
political,3
party,3
mathematicians,3
neimi,3
riker,3
taylor,3
poundstone,3
l3,3
p3,3
earth,3
jaye,3
weir,3
mestre,3
einstein,3
tilley,3
mpk,3
xcosθ,3
verify,3
symmetry,3
ru,3
dg,3
5v,3
4v,3
ht,3
distribute,3
hp,3
multiplicand,3
york,3
putnam,3
ackerson,3
wrtbˆ,3
cs,3
com,3
oakley,3
baker,3
hudson,3
nasa,3
dalal,3
jupiter,3
ysinθ,3
xsinθ,3
pbq,3
bt,3
chain,3
sequences,3
ward,3
macdonald,3
ridge,3
world,3
kemeny,3
snell,3
feller,3
kelton,3
ne,3
imagine,3
casey,3
weyl,3
birkhoff,3
maclane,3
yaglom,3
ad,3
explain,3
3h,3
es,3
kemp,3
vandermonde,3
box,3
petersen,3
equations,3
gauss_method,3
py,3
timeit,3
count,3
kahan,3
fuller,3
logan,3
sarrus,3
code,3
chio_det,3
leonardo,3
principle,3
t1,3
clarke,3
courant,3
robbins,3
hanes,3
ryan,3
eggar,3
seidenberg,3
hughes,3
halmos,3
ebbinghaus,3
ei,3
λk,3
tj,3
nilpotency,3
c5,3
m2,3
xi,3
tw,3
goult,3
v9,3
canada,3
mexico,3
austin,3
bryan,3
leise,3
falbo,3
parville,3
graham,3
knuth,3
patashnik,3
hofstadter,3
scheme,3
aux,3
newton,3
berg,3
marshall,3
sandifer,3
june,3
kenneth,3
choice,3
journal,3
book,3
springer,3
verlag,3
richard,3
thomas,3
cambridge,3
unit,3
modules,3
addison,3
wesley,3
nostrand,3
velleman,3
linearalgebra,2
fuh,2
muh,2
pi,2
suh,2
tow,2
thisbook,2
students,2
free,2
see,2
latex,2
saint,2
topics,2
coupled,2
statistics,2
author,2
length,2
angle,2
measures,2
reduction,2
spanning,2
range,2
null,2
products,2
orthogonalization,2
properties,2
permutation,2
size,2
polynomial,2
factoring,2
eigenvalues,2
eigenvectors,2
self,2
composition,2
1x,2
substitute,2
5y,2
foreach,2
3z,2
provethat,2
con,2
prob,2
board,2
however,2
an,2
no,2
benzene,2
alcohol,2
iterate,2
induction,2
singular,2
draw,2
unique,2
polya,2
1v,2
south,2
redraw,2
september,2
ifso,2
sen,2
mathematica,2
matlab,2
i4,2
nobel,2
economics,2
fill,2
solvethesystembyhand,2
light,2
brake,2
actuated,2
kirchoff,2
shelburne,2
ln,2
laws,2
togo,2
addition,2
dx2,2
aex,2
second,2
sp,2
2x2,2
2b,2
members,2
rewrite,2
3c,2
dent,2
ex,2
sin2,2
tan2,2
fora,2
4c,2
ifwe,2
munkres,2
transpose,2
cx3,2
subtract,2
right,2
1voter,2
preference,2
canda,2
mass,2
p5,2
2π,2
p4,2
3p,2
becausem,2
venus,2
acceleration,2
showthat,2
gt,2
4x,2
wis,2
dy,2
r6,2
ann,2
foranyc,2
pro,2
1dxk,2
equality,2
isabasisforr,2
triangularization,2
smethod,2
3v,2
sg,2
greater,2
finish,2
gf,2
fh,2
2q,2
withrespecttob,2
htgt,2
hht,2
hth,2
s2,2
grand,2
isle,2
city,2
alan,2
donald,2
θ1,2
θ2,2
cc,2
wrtdˆ,2
ma,2
find,2
check,2
exam,2
mens,2
subs,2
save,2
may,2
oakland,2
moneyball,2
cost,2
tolls,2
tunnel,2
challenger,2
et,2
mercury,2
mars,2
saturn,2
uranus,2
pluto,2
left,2
encyclopedia,2
likewise,2
v1,2
united,2
series,2
iosifescu,2
electric,2
electronic,2
equipment,2
graph,2
elements,2
fromt,2
modern,2
erlanger,2
program,2
kb,2
kd,2
kc,2
determinant,2
q237,2
geometrically,2
num_cols,2
num_rows,2
chio_mat,2
supper,2
q3,2
duality,2
tu,2
axiom,2
division,2
3x2,2
co,2
di,2
pp,2
eigenvector,2
ofcourse,2
diagonalize,2
ct,2
eigenvalue,2
c4,2
transformations,2
mp,2
np,2
ixn,2
ti,2
thetransformationt,2
t9,2
redo,2
octave,2
theequation,2
god,2
ri,2
scm,2
search,2
hooke,2
slinky,2
velleman2,2
euler,2
venn,2
f2,2
am,2
saunders,2
hans,2
macmillan,2
papers,2
aug,2
beardon,2
blass,2
theory,2
kurt,2
chessmaster,2
user,2
felix,2
bangor,2
area,2
economy,2
books,2
html,2
oxford,2
cullen,2
dover,2
perspective,2
fall,2
march,2
freeman,2
october,2
frank,2
comap,2
introduction,2
numerical,2
analytic,2
mind,2
joriki,2
trends,2
wassily,2
mewes,2
harcourt,2
princeton,2
rucker,2
euclidean,2
approach,2
gilbert,2
weston,2
wickens,2
wiki,2
fourth,1
nu,1
bay,1
ksigh,1
gam,1
omicron,1
om,1
cron,1
del,1
pie,1
ep,1
zay,1
tuh,1
sigma,1
sig,1
eta,1
ay,1
tau,1
thay,1
oop,1
lon,1
iota,1
oh,1
fi,1
kappa,1
kap,1
chi,1
lam,1
psi,1
sigh,1
psigh,1
mew,1
capitals,1
someprograms,1
atthehighend,1
iam,1
lynne,1
advice,1
ashline,1
monday,1
wednesday,1
friday,1
thanksgiving,1
ilikethetopics,1
stephen,1
gould,1
wilbur,1
wright,1
joyce,1
usa,1
crystals,1
exploration,1
expansion,1
experimentation,1
hno,1
tnt,1
xc,1
hasthesolution,1
0z,1
wedon,1
thisalgorithmisgauss,1
kρ,1
8z,1
ineachrowofasystem,1
back,1
applygauss,1
7y,1
findthecoefficientsa,1
select,1
laugh,1
ahaha,1
tehe,1
tehaw,1
commissioners,1
president,1
un,1
knowns,1
heavens,1
poor,1
9y,1
quite,1
toimproveit,1
xandy,1
6w,1
theterms,1
inthe,1
weuselower,1
thelinearequationa,1
solutions,1
ofa,1
writtenat,1
planer,1
uz,1
ar,1
buz,1
oid,1
aluminum,1
gold,1
glycerin,1
lead,1
nonhomogeneous,1
solution,1
2aandy,1
ontheotherhand,1
solu,1
tion,1
webeginbydefiningone,1
latin,1
generalizing,1
heron,1
sw,1
cosines,1
nv,1
battle,1
jutland,1
thebritishbattle,1
lion,1
inequal,1
generalizetorn,1
theycouldgeneratea,1
0thenthe,1
astrologers,1
were2000yearsago,1
lagrange,1
thethirdcomesfrom,1
inthischapter,1
reflexivity,1
soeachreducedechelon,1
writedowna2,1
andshowthatthe,1
twostudentsx,1
combina,1
rows,1
cρ,1
equation,1
subtractrowiof,1
beforetheproof,1
para,1
pur,1
linpack,1
i2,1
i5,1
8h,1
5j,1
1k,1
changes,1
economists,1
today,1
sonextyear,1
stotaloutputisa,1
eqns,1
predict,1
abs,1
temp,1
assumethatyour,1
ill,1
noticethattheε,1
dome,1
door,1
dimmer,1
parking,1
rear,1
headlights,1
potential,1
components,1
kir,1
zig,1
didn,1
thei,1
iszerothenr,1
street,1
boulevard,1
adapt,1
label,1
andleti,1
ave,1
andsolvingthem,1
whatistheleast,1
stickingonlytorn,1
leslie,1
jones,1
kim,1
ke,1
sx,1
rx,1
inasimilarway,1
eachrn,1
example1,1
acosθ,1
item,1
2e,1
useexample1,1
z2,1
showthatthesetr,1
avector,1
chas,1
nx,1
pc,1
aspace,1
thesuperhero,1
cos2x,1
sin2x,1
parametrize,1
wetake,1
half,1
inanyvectorspace,1
whenwedon,1
relationship,1
sincewecansatisfyc,1
1andc,1
wheni,1
oneexampleis,1
inthespacep,1
nowsupposethats,1
thespanofsisthex,1
herearetwosupersets,1
5x2,1
7x2,1
sin,1
wecanthus,1
inthisbodyofthis,1
wecanalsoconsider,1
unions,1
theset,1
ifasubsett,1
considerthespace,1
thisisanaturalbasis,1
verification,1
parametrization,1
rearrange,1
krep,1
0rn,1
thena,1
0x,1
0x3,1
thatevery,1
vectoris,1
asd,1
0thenwecan,1
choose,1
otherwise,1
atthatpointwe,1
cos2θ,1
sin2θ,1
c47,1
sketch,1
scalarproductisr,1
suchthatb,1
alter,1
exchangelemma,1
assumethatb,1
hasc,1
nowfix,1
thisisabasis,1
thecolumn,1
7c,1
8c,1
7ρ1,1
143,1
trueorfalse,1
isn,1
thesubspace,1
let,1
regroup,1
bcosθ,1
andthats,1
basisforu,1
andasequence,1
thatisabasisforw,1
showthatm,1
letw,1
considercorollary4,1
doesitworkbothways,1
supposingthatv,1
asubspaceisuchthati,1
fields,1
inthatcase,1
salt,1
chloride,1
ångstrom,1
ångstroms,1
recallthatthereare6,1
platinum,1
democratic,1
7voters,1
professor,1
suffi,1
cantheoppositehappen,1
aone,1
min,1
hr,1
because16isn,1
sec2,1
quantities,1
arc,1
mp1mp2,1
pk,1
swing,1
gm,1
kepler,1
lord,1
raleigh,1
vg,1
λg,1
anothersource,1
manipulate,1
frequency,1
l1,1
3m0t0,1
l2m1,1
dominoes,1
mp1,1
mq1,1
morphism,1
thiscomputation,1
letv,1
howeverweshalldof,1
checkingthatf,1
hencef,1
8example,1
adilation,1
5x,1
substitution,1
parabola,1
sometimespeoplesay,1
wherev,1
showthatthemapt,1
r16,1
hastheforma,1
wand,1
thenalsov,1
supposethatf,1
provethattheset,1
dilation,1
reflection,1
showthattherep,1
inthepriorsubsection,1
associate,1
weclosewitharecap,1
cz,1
ck,1
oneandonto,1
showthatthespacesv,1
andw,1
mustfˆ,1
wsending,1
sup,1
rand,1
andif,1
4z,1
kdxk,1
isthisasubspace,1
lin,1
defineamapf,1
thenc,1
2d,1
sx3,1
welose,1
preservation,1
drawing,1
think,1
forthelinear,1
alikeinthat,1
sass,1
tofinishwe,1
thenull,1
wehave,1
toshowthatb,1
underalinearmap,1
isabasisforv,1
butthisalso,1
expressing,1
checking,1
xndx,1
suchasetisacoset,1
ofn,1
tocomputeh,1
asc,1
4x3,1
82,1
acosx,1
bsinx,1
cosx,1
sinx,1
be2x,1
e2x,1
cex,1
xex,1
clockwise,1
repeattheprioritem,1
puttheperson,1
schur,1
fortheotherhalf,1
performgauss,1
jordanreduction,1
usethatto,1
findr,1
andrank,1
findn,1
showthathisone,1
gwithrespecttob,1
supposethath,1
cbyhandg,1
thesum,1
7v,1
distributing,1
wrtc,1
commutativity,1
hf,1
associativity,1
contrastthetwoproofs,1
theindex,1
bwherebisthenatural,1
match,1
hphq,1
hpq,1
rg,1
inverses,1
hi,1
ih,1
commute,1
simplest,1
interact,1
ghare,1
apermutation,1
2ρ,1
clear,1
swap,1
swanton,1
lake,1
champlain,1
ing,1
burlington,1
thesearealltwo,1
vermontdoesn,1
betty,1
catherine,1
soincomputingh,1
usethesameformula,1
abab,1
baba,1
anyn,1
dimensionalspacev,1
bwherebisabasis,1
direct,1
sum,1
becauseofthe,1
forbothresults,1
givenamatrixh,1
1h,1
answer,1
assumethatg,1
oneoftheseistrue,1
d0,1
orequal,1
reflexive,1
symmetric,1
inconvertingrep,1
vdoesn,1
do,1
towhatbasisise,1
3cos,1
findthechange,1
2θ,1
inp,1
withbasisb,1
naturally,1
theconverse,1
7theorem,1
anym,1
combine,1
diagram,1
paq,1
theprojectionof,1
thefirst,1
betheprojectionofa,1
productof,1
normalize,1
provethatforany,1
illustrate,1
thatforany,1
bessel,1
vfromthespacethen,1
verificationthatr3,1
nandr3,1
toprojectintomalongn,1
theright,1
rad,1
proj,1
andthewayoftheorem3,1
forthesecases,1
5v2,1
scientists,1
flips,1
scaleby,1
january,1
comments,1
writethelinearsystem,1
roger,1
bannister,1
athletics,1
salaries,1
typeset,1
forthemen,1
withthatforthemen,1
thedistancesareclose,1
river,1
crossing,1
distance,1
toll,1
lincoln,1
holland,1
george,1
washington,1
verrazano,1
tappan,1
zee,1
bear,1
mountain,1
newburgh,1
beacon,1
mid,1
kingston,1
rhinecliff,1
rip,1
winkle,1
renumber,1
ron,1
arrows,1
counterclockwise,1
consideralinearh,1
byamatrixh,1
recallalsothatnonsin,1
permutations,1
forinstancec,1
df,1
combinationof,1
kx,1
ifa,1
functionf,1
rhasan,1
determinedbyp,1
melencolia,1
dürer,1
mal2,1
finding,1
online,1
theoremtwo,1
ifaone,1
thenwehavec,1
3s,1
solvethesystema,1
coin,1
twenty,1
flip,1
twonotes,1
real,1
double,1
float,1
kingdom,1
ifthelargest,1
states,1
thereisa0,1
census,1
manufacturers,1
electronics,1
thelearnerdoesn,1
andt,1
takep,1
eachyearone,1
someare,1
linearity,1
ifp,1
collin,1
earthen,1
thisformspartofklein,1
serlangerprogram,1
theword,1
beingd,1
andd,1
dist,1
107,1
d2y2,1
radians,1
ycosθ,1
ese,1
nowknowthatann,1
nmatrixt,1
moreprecisely,1
2combinationkρ,1
dbi,1
ecg,1
fah,1
hcd,1
iae,1
gbf,1
ae,1
bf,1
cd,1
fa,1
db,1
ec,1
multiplies,1
isgivenby,1
notethatthefirstrow,1
provethatfor2,1
wewill,1
amatrix,1
definition2,1
foreachn,1
ifthereisann,1
kz,1
5h,1
canwegetridofit,1
canwereplace,1
powderingthe,1
buildingnewstepson,1
thechurch,1
tworeductionsofsome7,1
vn,1
property,1
multilinearity,1
splitting,1
multi,1
thepermutationmatrix,1
φ6,1
showthatn,1
1n,1
provethatforanyn,1
pascal,1
arow,1
ρj,1
each,1
considerthetermst,1
noticethesub,1
above,1
y1,1
x1,1
e2,1
tt,1
ift,1
ba,1
bywhatfactordoes,1
forthe,1
lower,1
triangular,1
ax,1
cancramer,1
givesn,1
append,1
col_num,1
print,1
prow,1
str,1
stmt,1
seconds,1
graphing,1
repeat,1
time,1
noticethat,1
inthelightof,1
1ρ2,1
1ρ1,1
whereaisn,1
nforn,1
theformulafor3,1
a4,1
thedeterminant,1
rightdiagonalsaei,1
usr,1
bin,1
public,1
domain,1
key_elet,1
look,1
model,1
points,1
thepartofp,1
withthis,1
1l,1
2l,1
3l,1
asshownbelow,1
ot,1
des,1
argue,1
cartesian,1
ap,1
andm,1
pappus,1
ty,1
okthen,1
whatdoesthe,1
identity,1
2theorem,1
thatfactorizationis,1
byuniqueness,1
imaginearoot,1
eff,1
adi,1
bci,1
7i,1
matrixtˆ,1
trep,1
amap,1
calculation,1
pz,1
doestheconverse,1
sn,1
1matrices,1
wenowcharacterize,1
focus,1
withthat,1
eigen,1
isgermanfor,1
characteristicof,1
application,1
m1,1
mk,1
nei,1
derive,1
foreachmatrix,1
8a,1
ak,1
aµ,1
µλ,1
t5,1
clause,1
technically,1
equaltothespan,1
nˆ2,1
isad,1
stringoflength3,1
wehaveastringbasisb,1
fortheinductivestep,1
finally,1
recallthateachofβ,1
isinr,1
pick,1
pmp,1
showthattheconverse,1
vtherestriction,1
showthatitisalsoonto,1
il,1
wenotedthatintheb,1
matrixt,1
pˆ,1
xk,1
divide,1
ifitisnotthezero,1
theleftsideof,1
ix,1
theleftisc,1
lett,1
whatis,1
qz,1
bylemma1,1
λi,1
thenullspaceoft,1
andthenullspaceof,1
toproducesuchabasis,1
λ1,1
c1,1
isanelementofr,1
prefixeach,1
ofw,1
isq,1
andthedimensionofw,1
withdimensionr,1
ˆλ,1
rewriteas,1
thew,1
consequently,1
jordanform,1
los,1
topickthebasis,1
thetwospacesaret,1
computation,1
becausethepowerof,1
6ton,1
6i,1
complementation,1
ofanothert,1
calculating,1
agoodreferenceis,1
norm,1
ans,1
this,1
populations,1
1case,1
thusthereis,1
theunitedstates,1
ranking,1
togetapageranknumber,1
morecurrentsourceis,1
softwo,1
pisa,1
pdp,1
pdnp,1
diagonalizing,1
therelation,1
andexercise5verifies,1
discrete,1
nonzero,1
edouard,1
lucas,1
brahma,1
day,1
bram,1
temple,1
brahmins,1
recurrence,1
relation,1
letr,1
loading,1
afterafewseconds,1
yaw,1
amazingly,1
writex,1
sinωt,1
acos,1
andθ,1
jr,1
statements,1
formal,1
ifpthenq,1
pimpliesq,1
wouldn,1
nonprime,1
equivalentstatements,1
sometimes,1
notonlydoesp,1
quantifiers,1
thustoshowthat,1
ineithercase,1
contradiction,1
considerthe,1
numberp,1
factor,1
prime,1
factorization,1
x5,1
diagrams,1
pcomp,1
multisets,1
asdescribedabove,1
dandoutputvalues,1
f0,1
bythepriorparagraphs,1
equivalence,1
relations,1
picture,1
s1,1
s0,1
s3,1
bibliography,1
rupp,1
ivanoff,1
esty,1
ransom,1
hansraj,1
gupta,1
walker,1
solver,1
walter,1
alex,1
tytun,1
albert,1
wilansky,1
inverse,1
norman,1
anning,1
vern,1
haggett,1
underwood,1
dudley,1
arnold,1
lebow,1
rothman,1
liebeck,1
howard,1
sons,1
individual,1
values,1
needle,1
haystack,1
www,1
ams,1
fcarc,1
rouse,1
recreations,1
essays,1
matthias,1
ross,1
geoghegan,1
art,1
sfsu,1
aop,1
gazette,1
richar,1
todd,1
garrett,1
survey,1
existence,1
bases,1
baumgartner,1
society,1
providence,1
yale,1
sergey,1
lawrence,1
anatomy,1
hypertextual,1
engine,1
infolab,1
stanford,1
pub,1
pdf,1
tanya,1
review,1
vol,1
hodges,1
figgis,1
dublin,1
stackoverflow,1
winkelmann,1
team,1
present,1
future,1
me,1
arthur,1
technical,1
error,1
fantasy,1
december,1
sf,1
stories,1
daw,1
contest,1
tolls_in_new_york,1
herbert,1
charles,1
siddhartha,1
edward,1
fowlkes,1
bruce,1
hoadley,1
lesson,1
learned,1
statistical,1
stats,1
davies,1
evidence,1
places,1
peary,1
pole,1
geographic,1
neville,1
projectiles,1
sport,1
la,1
nature,1
paris,1
darrell,1
ebbing,1
houghton,1
mifflin,1
annals,1
pinhole,1
cameras,1
august,1
clement,1
golden,1
ratio,1
contrary,1
viewpoint,1
probability,1
evaluation,1
gems,1
carlson,1
association,1
america,1
universe,1
company,1
icosian,1
game,1
april,1
carroll,1
maurice,1
modeling,1
directions,1
hoskins,1
milner,1
pratt,1
computational,1
methods,1
ronald,1
oren,1
concrete,1
paul,1
applied,1
hemisphere,1
publishing,1
kit,1
proofs,1
inquiry,1
based,1
ray,1
prentice,1
hall,1
douglas,1
metamagical,1
themas,1
essence,1
pattern,1
basic,1
andries,1
dam,1
morgan,1
mcguire,1
sklar,1
foley,1
steven,1
feiner,1
akeley,1
marius,1
iofescu,1
processes,1
stack,1
stackexchange,1
coefficients,1
berkeley,1
wkahan,1
mathh110,1
christina,1
relocation,1
manufacturing,1
umi,1
research,1
laurie,1
franklin,1
structure,1
mobility,1
halsey,1
macmillian,1
dewey,1
duncan,1
quelch,1
oct,1
klamkin,1
trickie,1
silverman,1
q307,1
clarence,1
morrison,1
marvin,1
bittinger,1
matthew,1
cletus,1
justine,1
least,1
ohanian,1
hanian,1
norton,1
number,1
oeis,1
a006052,1
plausible,1
reasoning,1
gaming,1
vote,1
hill,1
wang,1
lowell,1
competition,1
mathods,1
software,1
academic,1
rudy,1
infinity,1
birkhauser,1
patrick,1
ed,1
maa,1
news,1
jack,1
lectures,1
adam,1
krueger,1
riddle,1
brace,1
jovanovich,1
politics,1
strategy,1
power,1
burt,1
tony,1
department,1
high,1
school,1
examinations,1
dan,1
daniel,1
structured,1
walt,1
animation,1
studios,1
practical,1
guide,1
path,1
tracing,1
hermann,1
models,1
behavior,1
algebraic,1
lo_shu_square,1
cube_law,1
rebecca,1
intelligencer,1
sophus,1
lie,1
evolution,1
idea,1
nineteenth,1
century,1
sergei,1
sossinsky,1
birkhäuser,1
simple,1
voters,1
paradox,1
spin,1
borda,1
sciences,1
319,1
signum,1
